code,name,geo_coordinate,heating_option_preference,assigned_heating_option,assigned_heat_source,stage_of_assignment,confidence,share_of_houses_demolished,number_of_lt_eligible_houses,number_of_new_apartments,number_of_new_terraced_houses,number_of_new_detached_houses,number_of_new_semi_detached_houses,number_of_new_houses_unknown_type,epi_of_new_houses,size_of_new_houses,trace_length,space_heating_demand_per_house,hot_water_demand_per_house,electricity_demand_per_house,space_heating_demand_per_m2_utility,hot_water_demand_per_m2_utility,electricity_demand_per_m2_utility,adjacent_neighbourhoods,municipality_code,municipality_name,housing_stock_matrix,utility_stock_matrix,ht_sources_available,lt_sources_available,geothermal_available
BU014,Buurt N,"[235361.2638, 580668.6903]","[('E', 0.9592465897175048), ('W', 0.026878221772169763), ('H', 0.013875188510325452)]",W,LTHP0001,post-analysis,0.9592465897175048,0,616,273.0,0.0,0.0,0.0,0,0.9,100,0.0,25.27095961,7,7.900886389,0.31943361600000003,0.009459847,0.078028776,"BU001,BU002",GM002,Gemeente Y,"{'Apartment': {'2001-2010': {'aantal_woningen': 90, 'aantal_kleine_woningen': 0, 'gem_epi': 0.962333333, 'gem_oppervlakte': 139.25555559999998}, '>2010': {'aantal_woningen': 778.0, 'aantal_kleine_woningen': 207, 'gem_epi': 0.9539460154948587, 'gem_oppervlakte': 89.02699228470438}}, 'Terraced house': {'>2010': {'aantal_woningen': 21, 'aantal_kleine_woningen': 0, 'gem_epi': 1.0, 'gem_oppervlakte': 172.66666669999998}}, 'Semi-detached house': {'>2010': {'aantal_woningen': 0.0, 'aantal_kleine_woningen': 0.0, 'gem_epi': 0.0, 'gem_oppervlakte': 0.0}}, 'Detached house': {'>2010': {'aantal_woningen': 0.0, 'aantal_kleine_woningen': 0.0, 'gem_epi': 0.0, 'gem_oppervlakte': 0.0}}}","{'Small': {'>2000': {'aantal_gebouwen': 65, 'gem_epi': 1.276558765, 'totaal_oppervlakte': 8032}}, 'Medium': {'<1991': {'aantal_gebouwen': 3, 'gem_epi': 1.872137405, 'totaal_oppervlakte': 2489}, '>2000': {'aantal_gebouwen': 38, 'gem_epi': 1.183731892, 'totaal_oppervlakte': 18500}}, 'Large': {'1991-2000': {'aantal_gebouwen': 1, 'gem_epi': 1.65, 'totaal_oppervlakte': 8666}, '>2000': {'aantal_gebouwen': 11, 'gem_epi': 1.028153319, 'totaal_oppervlakte': 91104}}}",['HTHP0001'],"['LTHP0001', 'LTHP0013', 'LTHP0025']",False
BU013,Buurt M,"[234946.6606, 580732.1956]","[('E', 0.6251321361179459), ('H', 0.27626987120223856), ('W', 0.0985979926798155)]",W,LTHP0001,post-analysis,0.6251321361179459,0,238,0.0,0.0,0.0,0.0,0,0.9,100,0.0,30.56872038,7,12.18274933,0.483788451,0.014940618000000001,0.09142192699999999,"BU014,BU001",GM002,Gemeente Y,"{'Apartment': {'2001-2010': {'aantal_woningen': 215, 'aantal_kleine_woningen': 0, 'gem_epi': 0.911906977, 'gem_oppervlakte': 122.58604650000001}, '<1946': {'aantal_woningen': 38, 'aantal_kleine_woningen': 18, 'gem_epi': 1.802368421, 'gem_oppervlakte': 73.02631579}, '>2010': {'aantal_woningen': 0.0, 'aantal_kleine_woningen': 0.0, 'gem_epi': 0.0, 'gem_oppervlakte': 0.0}}, 'Terraced house': {'2001-2010': {'aantal_woningen': 22, 'aantal_kleine_woningen': 0, 'gem_epi': 1.264545455, 'gem_oppervlakte': 129.9545455}, '<1946': {'aantal_woningen': 2, 'aantal_kleine_woningen': 1, 'gem_epi': 2.18, 'gem_oppervlakte': 76.5}, '>2010': {'aantal_woningen': 1, 'aantal_kleine_woningen': 0, 'gem_epi': 0.9, 'gem_oppervlakte': 200.0}}, 'Semi-detached house': {'2001-2010': {'aantal_woningen': 54, 'aantal_kleine_woningen': 0, 'gem_epi': 1.001481481, 'gem_oppervlakte': 184.9074074}, '>2010': {'aantal_woningen': 0.0, 'aantal_kleine_woningen': 0.0, 'gem_epi': 0.0, 'gem_oppervlakte': 0.0}}, 'Detached house': {'2001-2010': {'aantal_woningen': 38, 'aantal_kleine_woningen': 0, 'gem_epi': 0.9644736840000001, 'gem_oppervlakte': 172.44736840000002}, '<1946': {'aantal_woningen': 1, 'aantal_kleine_woningen': 0, 'gem_epi': 2.23, 'gem_oppervlakte': 433.0}, '>2010': {'aantal_woningen': 0.0, 'aantal_kleine_woningen': 0.0, 'gem_epi': 0.0, 'gem_oppervlakte': 0.0}}}","{'Small': {}, 'Medium': {'<1991': {'aantal_gebouwen': 1, 'gem_epi': 2.25, 'totaal_oppervlakte': 984}, '>2000': {'aantal_gebouwen': 6, 'gem_epi': 1.3, 'totaal_oppervlakte': 2183}}, 'Large': {}}","['HTHP0001', 'HTHP0002']","['LTHP0001', 'LTHP0002', 'LTHP0013', 'LTHP0014', 'LTHP0025', 'LTHP0026']",False
BU009,Buurt I,"[234778.6131, 583193.8062]","[('E', 0.48067290731483214), ('W', 0.4153272911629839), ('H', 0.10399980152218388)]",E,,iteration 1,0.48067290731483214,0,730,167.0,97.0,0.0,1.0,0,0.9,100,0.0,20.82984581,7,6.007262176,0.204968204,0.010886487,0.031278661,"BU010,BU011",GM002,Gemeente Y,"{'Apartment': {'<1946': {'aantal_woningen': 534, 'aantal_kleine_woningen': 205, 'gem_epi': 1.965037453, 'gem_oppervlakte': 82.76966292}, '1946-1974': {'aantal_woningen': 180, 'aantal_kleine_woningen': 70, 'gem_epi': 2.041888889, 'gem_oppervlakte': 85.97222222}, '1991-2000': {'aantal_woningen': 137, 'aantal_kleine_woningen': 85, 'gem_epi': 1.792043796, 'gem_oppervlakte': 86.94160584}, '1975-1990': {'aantal_woningen': 50, 'aantal_kleine_woningen': 42, 'gem_epi': 1.3619999999999999, 'gem_oppervlakte': 72.86}, '>2010': {'aantal_woningen': 681.0, 'aantal_kleine_woningen': 379, 'gem_epi': 0.7992070484816447, 'gem_oppervlakte': 67.05139500587373}}, 'Terraced house': {'2001-2010': {'aantal_woningen': 51, 'aantal_kleine_woningen': 0, 'gem_epi': 0.940392157, 'gem_oppervlakte': 199.31372549999998}, '<1946': {'aantal_woningen': 29, 'aantal_kleine_woningen': 9, 'gem_epi': 1.68137931, 'gem_oppervlakte': 79.55172414}, '1946-1974': {'aantal_woningen': 2, 'aantal_kleine_woningen': 0, 'gem_epi': 2.06, 'gem_oppervlakte': 275.0}, '>2010': {'aantal_woningen': 262.0, 'aantal_kleine_woningen': 0, 'gem_epi': 0.8325572519656489, 'gem_oppervlakte': 121.34351145610685}}, 'Semi-detached house': {'<1946': {'aantal_woningen': 1, 'aantal_kleine_woningen': 0, 'gem_epi': 2.8, 'gem_oppervlakte': 411.0}, '1946-1974': {'aantal_woningen': 1, 'aantal_kleine_woningen': 0, 'gem_epi': 2.49, 'gem_oppervlakte': 79.0}, '>2010': {'aantal_woningen': 1.0, 'aantal_kleine_woningen': 0.0, 'gem_epi': 0.9, 'gem_oppervlakte': 100.0}}, 'Detached house': {'1946-1974': {'aantal_woningen': 1, 'aantal_kleine_woningen': 0, 'gem_epi': 2.23, 'gem_oppervlakte': 153.0}, '>2010': {'aantal_woningen': 0.0, 'aantal_kleine_woningen': 0.0, 'gem_epi': 0.0, 'gem_oppervlakte': 0.0}}}","{'Small': {'<1991': {'aantal_gebouwen': 20, 'gem_epi': 2.075345248, 'totaal_oppervlakte': 1231}, '1991-2000': {'aantal_gebouwen': 2, 'gem_epi': 1.92, 'totaal_oppervlakte': 206}, '>2000': {'aantal_gebouwen': 2, 'gem_epi': 1.3, 'totaal_oppervlakte': 177}}, 'Medium': {'<1991': {'aantal_gebouwen': 12, 'gem_epi': 2.182625415, 'totaal_oppervlakte': 11442}, '1991-2000': {'aantal_gebouwen': 1, 'gem_epi': 1.3, 'totaal_oppervlakte': 350}, '>2000': {'aantal_gebouwen': 1, 'gem_epi': 0.85, 'totaal_oppervlakte': 947}}, 'Large': {'<1991': {'aantal_gebouwen': 1, 'gem_epi': 2.25, 'totaal_oppervlakte': 14280}, '1991-2000': {'aantal_gebouwen': 1, 'gem_epi': 1.0, 'totaal_oppervlakte': 3802}}}","['HTHP0004', 'HTHP0005', 'HTHP0006']","['LTHP0004', 'LTHP0005', 'LTHP0006', 'LTHP0016', 'LTHP0017', 'LTHP0018', 'LTHP0028', 'LTHP0029', 'LTHP0030']",False
BU007,Buurt G,"[234207.0777, 583308.052]","[('W', 0.6350487087979293), ('E', 0.279689313108854), ('H', 0.08526197809321666)]",W,HTHP0008,iteration 1,0.6350487087979293,0,747,255.0,99.0,3.0,1.0,0,0.9,100,0.0,34.83276721,7,7.566123167000001,0.399703035,0.008429845,0.07035849400000001,"BU008,BU009",GM001,Gemeente X,"{'Apartment': {'2001-2010': {'aantal_woningen': 473, 'aantal_kleine_woningen': 244, 'gem_epi': 1.191057082, 'gem_oppervlakte': 63.57716702}, '<1946': {'aantal_woningen': 1937, 'aantal_kleine_woningen': 779, 'gem_epi': 2.13198761, 'gem_oppervlakte': 82.7661332}, '1946-1974': {'aantal_woningen': 8, 'aantal_kleine_woningen': 1, 'gem_epi': 2.2, 'gem_oppervlakte': 122.625}, '1975-1990': {'aantal_woningen': 52, 'aantal_kleine_woningen': 13, 'gem_epi': 1.398461538, 'gem_oppervlakte': 95.92307692}, '>2010': {'aantal_woningen': 370.0, 'aantal_kleine_woningen': 115, 'gem_epi': 0.8259189189459459, 'gem_oppervlakte': 80.61351351459459}}, 'Terraced house': {'2001-2010': {'aantal_woningen': 33, 'aantal_kleine_woningen': 0, 'gem_epi': 1.3042424240000001, 'gem_oppervlakte': 136.969697}, '<1946': {'aantal_woningen': 286, 'aantal_kleine_woningen': 37, 'gem_epi': 2.08027972, 'gem_oppervlakte': 125.506993}, '1946-1974': {'aantal_woningen': 2, 'aantal_kleine_woningen': 0, 'gem_epi': 2.005, 'gem_oppervlakte': 117.0}, '1975-1990': {'aantal_woningen': 5, 'aantal_kleine_woningen': 0, 'gem_epi': 1.3259999999999998, 'gem_oppervlakte': 105.2}, '>2010': {'aantal_woningen': 225.0, 'aantal_kleine_woningen': 6, 'gem_epi': 0.8156888886400001, 'gem_oppervlakte': 117.01777778399999}}, 'Semi-detached house': {'<1946': {'aantal_woningen': 3, 'aantal_kleine_woningen': 0, 'gem_epi': 2.49, 'gem_oppervlakte': 197.33333330000002}, '>2010': {'aantal_woningen': 1.0, 'aantal_kleine_woningen': 0.0, 'gem_epi': 0.9, 'gem_oppervlakte': 100.0}}, 'Detached house': {'1946-1974': {'aantal_woningen': 2, 'aantal_kleine_woningen': 0, 'gem_epi': 2.23, 'gem_oppervlakte': 247.5}, '1975-1990': {'aantal_woningen': 11, 'aantal_kleine_woningen': 0, 'gem_epi': 1.82, 'gem_oppervlakte': 135.0}, '>2010': {'aantal_woningen': 3.0, 'aantal_kleine_woningen': 0.0, 'gem_epi': 0.9, 'gem_oppervlakte': 100.0}}}","{'Small': {'<1991': {'aantal_gebouwen': 31, 'gem_epi': 2.156852512, 'totaal_oppervlakte': 3085}, '>2000': {'aantal_gebouwen': 7, 'gem_epi': 1.073879717, 'totaal_oppervlakte': 848}}, 'Medium': {'<1991': {'aantal_gebouwen': 17, 'gem_epi': 2.079548783, 'totaal_oppervlakte': 14339}, '>2000': {'aantal_gebouwen': 6, 'gem_epi': 0.9303063309999999, 'totaal_oppervlakte': 2938}}, 'Large': {'<1991': {'aantal_gebouwen': 3, 'gem_epi': 1.855364512, 'totaal_oppervlakte': 12359}, '1991-2000': {'aantal_gebouwen': 1, 'gem_epi': 1.27, 'totaal_oppervlakte': 17927}, '>2000': {'aantal_gebouwen': 1, 'gem_epi': 0.75, 'totaal_oppervlakte': 2151}}}","['HTHP0006', 'HTHP0007', 'HTHP0008']","['LTHP0006', 'LTHP0007', 'LTHP0008', 'LTHP0018', 'LTHP0019', 'LTHP0020', 'LTHP0030', 'LTHP0031', 'LTHP0032']",True
BU005,Buurt E,"[233411.2264, 583900.4747]","[('W', 0.5848072264959431), ('H', 0.27299874056396223), ('E', 0.14219403294009486)]",W,HTHP0008,iteration 1,0.5848072264959431,0,326,0.0,0.0,0.0,0.0,0,0.9,100,0.0,24.60747923,7,6.893496183,0.511603383,0.013191292,0.06936276599999999,"BU006,BU007",GM001,Gemeente X,"{'Apartment': {'<1946': {'aantal_woningen': 459, 'aantal_kleine_woningen': 217, 'gem_epi': 1.865686275, 'gem_oppervlakte': 73.82135076}, '1946-1974': {'aantal_woningen': 954, 'aantal_kleine_woningen': 656, 'gem_epi': 1.823532495, 'gem_oppervlakte': 63.05555556}, '1991-2000': {'aantal_woningen': 52, 'aantal_kleine_woningen': 42, 'gem_epi': 1.256923077, 'gem_oppervlakte': 73.65384615}, '1975-1990': {'aantal_woningen': 124, 'aantal_kleine_woningen': 41, 'gem_epi': 1.413951613, 'gem_oppervlakte': 84.93548387}, '>2010': {'aantal_woningen': 184, 'aantal_kleine_woningen': 5, 'gem_epi': 0.9863586959999999, 'gem_oppervlakte': 82.43478261}}, 'Terraced house': {'<1946': {'aantal_woningen': 277, 'aantal_kleine_woningen': 137, 'gem_epi': 1.440252708, 'gem_oppervlakte': 82.81949458}, '1946-1974': {'aantal_woningen': 50, 'aantal_kleine_woningen': 18, 'gem_epi': 1.5312, 'gem_oppervlakte': 94.64}, '1991-2000': {'aantal_woningen': 20, 'aantal_kleine_woningen': 0, 'gem_epi': 1.334, 'gem_oppervlakte': 110.05}, '1975-1990': {'aantal_woningen': 66, 'aantal_kleine_woningen': 0, 'gem_epi': 1.006969697, 'gem_oppervlakte': 113.7424242}, '>2010': {'aantal_woningen': 142, 'aantal_kleine_woningen': 40, 'gem_epi': 0.8653521129999999, 'gem_oppervlakte': 100.0352113}}, 'Semi-detached house': {'<1946': {'aantal_woningen': 18, 'aantal_kleine_woningen': 9, 'gem_epi': 1.458888889, 'gem_oppervlakte': 105.5}, '1946-1974': {'aantal_woningen': 2, 'aantal_kleine_woningen': 0, 'gem_epi': 2.49, 'gem_oppervlakte': 103.0}, '1975-1990': {'aantal_woningen': 1, 'aantal_kleine_woningen': 0, 'gem_epi': 1.8, 'gem_oppervlakte': 126.0}, '>2010': {'aantal_woningen': 0.0, 'aantal_kleine_woningen': 0.0, 'gem_epi': 0.0, 'gem_oppervlakte': 0.0}}, 'Detached house': {'<1946': {'aantal_woningen': 3, 'aantal_kleine_woningen': 0, 'gem_epi': 1.79, 'gem_oppervlakte': 268.0}, '1946-1974': {'aantal_woningen': 4, 'aantal_kleine_woningen': 0, 'gem_epi': 2.23, 'gem_oppervlakte': 286.25}, '1975-1990': {'aantal_woningen': 1, 'aantal_kleine_woningen': 0, 'gem_epi': 1.1, 'gem_oppervlakte': 105.0}, '>2010': {'aantal_woningen': 1, 'aantal_kleine_woningen': 0, 'gem_epi': 1.04, 'gem_oppervlakte': 138.0}}}","{'Small': {'<1991': {'aantal_gebouwen': 18, 'gem_epi': 2.4782784959999997, 'totaal_oppervlakte': 1702}, '1991-2000': {'aantal_gebouwen': 2, 'gem_epi': 1.3, 'totaal_oppervlakte': 95}, '>2000': {'aantal_gebouwen': 1, 'gem_epi': 1.3, 'totaal_oppervlakte': 124}}, 'Medium': {'<1991': {'aantal_gebouwen': 6, 'gem_epi': 2.153370415, 'totaal_oppervlakte': 3326}, '1991-2000': {'aantal_gebouwen': 2, 'gem_epi': 1.3, 'totaal_oppervlakte': 961}}, 'Large': {}}",['HTHP0008'],"['LTHP0008', 'LTHP0009', 'LTHP0010', 'LTHP0020', 'LTHP0021', 'LTHP0022', 'LTHP0032', 'LTHP0033', 'LTHP0034']",True
BU008,Buurt H,"[234538.9207, 582624.6119]","[('W', 0.6347613428126979), ('H', 0.2144671950950311), ('E', 0.1507714620922709)]",W,HTHP0007,iteration 1,0.6347613428126979,0,376,0.0,0.0,0.0,0.0,0,0.9,100,0.0,33.34211294,7,7.14476605,0.528073743,0.01442516,0.069334616,"BU009,BU010",GM002,Gemeente Y,"{'Apartment': {'2001-2010': {'aantal_woningen': 72, 'aantal_kleine_woningen': 2, 'gem_epi': 1.086111111, 'gem_oppervlakte': 102.0694444}, '<1946': {'aantal_woningen': 1005, 'aantal_kleine_woningen': 511, 'gem_epi': 1.978427861, 'gem_oppervlakte': 83.09950249}, '1946-1974': {'aantal_woningen': 713, 'aantal_kleine_woningen': 246, 'gem_epi': 2.075259467, 'gem_oppervlakte': 76.06732118}, '1991-2000': {'aantal_woningen': 76, 'aantal_kleine_woningen': 30, 'gem_epi': 1.311447368, 'gem_oppervlakte': 73.92105263}, '1975-1990': {'aantal_woningen': 294, 'aantal_kleine_woningen': 151, 'gem_epi': 1.683027211, 'gem_oppervlakte': 72.24489796}, '>2010': {'aantal_woningen': 300, 'aantal_kleine_woningen': 300, 'gem_epi': 0.9332, 'gem_oppervlakte': 41.21333333}}, 'Terraced house': {'2001-2010': {'aantal_woningen': 4, 'aantal_kleine_woningen': 0, 'gem_epi': 0.925, 'gem_oppervlakte': 170.0}, '<1946': {'aantal_woningen': 289, 'aantal_kleine_woningen': 11, 'gem_epi': 2.071522491, 'gem_oppervlakte': 135.9723183}, '>2010': {'aantal_woningen': 0.0, 'aantal_kleine_woningen': 0.0, 'gem_epi': 0.0, 'gem_oppervlakte': 0.0}}, 'Semi-detached house': {'<1946': {'aantal_woningen': 2, 'aantal_kleine_woningen': 0, 'gem_epi': 2.37, 'gem_oppervlakte': 227.5}, '>2010': {'aantal_woningen': 0.0, 'aantal_kleine_woningen': 0.0, 'gem_epi': 0.0, 'gem_oppervlakte': 0.0}}, 'Detached house': {'<1946': {'aantal_woningen': 2, 'aantal_kleine_woningen': 0, 'gem_epi': 2.515, 'gem_oppervlakte': 165.0}, '>2010': {'aantal_woningen': 0.0, 'aantal_kleine_woningen': 0.0, 'gem_epi': 0.0, 'gem_oppervlakte': 0.0}}}","{'Small': {'<1991': {'aantal_gebouwen': 24, 'gem_epi': 2.028035631, 'totaal_oppervlakte': 2133}, '>2000': {'aantal_gebouwen': 2, 'gem_epi': 1.3, 'totaal_oppervlakte': 121}}, 'Medium': {'<1991': {'aantal_gebouwen': 20, 'gem_epi': 2.104972864, 'totaal_oppervlakte': 14372}, '>2000': {'aantal_gebouwen': 3, 'gem_epi': 0.9947635140000001, 'totaal_oppervlakte': 3552}}, 'Large': {'>2000': {'aantal_gebouwen': 1, 'gem_epi': 1.3, 'totaal_oppervlakte': 2454}}}","['HTHP0005', 'HTHP0006', 'HTHP0007']","['LTHP0005', 'LTHP0006', 'LTHP0007', 'LTHP0017', 'LTHP0018', 'LTHP0019', 'LTHP0029', 'LTHP0030', 'LTHP0031']",True
BU004,Buurt D,"[232260.5794, 581678.4657]","[('W', 0.6096663809284796), ('H', 0.24057297115977763), ('E', 0.14976064791174293)]",W,geothermal,iteration 1,0.6096663809284796,0,177,48.0,0.0,0.0,0.0,0,0.9,100,0.0,35.37375837,7,8.04300438,0.5257126839999999,0.008890847,0.066759184,"BU005,BU006",GM001,Gemeente X,"{'Apartment': {'2001-2010': {'aantal_woningen': 84, 'aantal_kleine_woningen': 0, 'gem_epi': 1.085833333, 'gem_oppervlakte': 111.6904762}, '<1946': {'aantal_woningen': 321, 'aantal_kleine_woningen': 67, 'gem_epi': 1.9134579440000001, 'gem_oppervlakte': 87.34267913}, '1946-1974': {'aantal_woningen': 576, 'aantal_kleine_woningen': 316, 'gem_epi': 1.7968402780000001, 'gem_oppervlakte': 75.51736111}, '1991-2000': {'aantal_woningen': 32, 'aantal_kleine_woningen': 0, 'gem_epi': 1.13, 'gem_oppervlakte': 90.375}, '1975-1990': {'aantal_woningen': 83, 'aantal_kleine_woningen': 80, 'gem_epi': 1.818433735, 'gem_oppervlakte': 51.18072289}, '>2010': {'aantal_woningen': 104.0, 'aantal_kleine_woningen': 56, 'gem_epi': 0.9191346152307692, 'gem_oppervlakte': 65.48076922923077}}, 'Terraced house': {'2001-2010': {'aantal_woningen': 36, 'aantal_kleine_woningen': 0, 'gem_epi': 1.316111111, 'gem_oppervlakte': 170.91666669999998}, '<1946': {'aantal_woningen': 91, 'aantal_kleine_woningen': 9, 'gem_epi': 2.106263736, 'gem_oppervlakte': 104.29670329999999}, '1946-1974': {'aantal_woningen': 20, 'aantal_kleine_woningen': 0, 'gem_epi': 2.089, 'gem_oppervlakte': 102.05}, '1991-2000': {'aantal_woningen': 13, 'aantal_kleine_woningen': 0, 'gem_epi': 1.296923077, 'gem_oppervlakte': 104.8461538}, '>2010': {'aantal_woningen': 1, 'aantal_kleine_woningen': 1, 'gem_epi': 0.9, 'gem_oppervlakte': 55.0}}, 'Semi-detached house': {'<1946': {'aantal_woningen': 4, 'aantal_kleine_woningen': 0, 'gem_epi': 2.355, 'gem_oppervlakte': 154.0}, '>2010': {'aantal_woningen': 0.0, 'aantal_kleine_woningen': 0.0, 'gem_epi': 0.0, 'gem_oppervlakte': 0.0}}, 'Detached house': {'2001-2010': {'aantal_woningen': 3, 'aantal_kleine_woningen': 0, 'gem_epi': 1.086666667, 'gem_oppervlakte': 158.66666669999998}, '<1946': {'aantal_woningen': 1, 'aantal_kleine_woningen': 0, 'gem_epi': 2.8, 'gem_oppervlakte': 373.0}, '1946-1974': {'aantal_woningen': 1, 'aantal_kleine_woningen': 1, 'gem_epi': 2.23, 'gem_oppervlakte': 69.0}, '>2010': {'aantal_woningen': 0.0, 'aantal_kleine_woningen': 0.0, 'gem_epi': 0.0, 'gem_oppervlakte': 0.0}}}","{'Small': {'<1991': {'aantal_gebouwen': 9, 'gem_epi': 1.7140889830000001, 'totaal_oppervlakte': 944}, '1991-2000': {'aantal_gebouwen': 1, 'gem_epi': 1.3, 'totaal_oppervlakte': 198}, '>2000': {'aantal_gebouwen': 1, 'gem_epi': 1.3, 'totaal_oppervlakte': 168}}, 'Medium': {'<1991': {'aantal_gebouwen': 7, 'gem_epi': 1.938414384, 'totaal_oppervlakte': 5367}, '>2000': {'aantal_gebouwen': 1, 'gem_epi': 1.3, 'totaal_oppervlakte': 244}}, 'Large': {'<1991': {'aantal_gebouwen': 2, 'gem_epi': 1.328061002, 'totaal_oppervlakte': 9639}, '>2000': {'aantal_gebouwen': 1, 'gem_epi': 1.3, 'totaal_oppervlakte': 2617}}}",[],"['LTHP0009', 'LTHP0010', 'LTHP0011', 'LTHP0021', 'LTHP0022', 'LTHP0023', 'LTHP0033', 'LTHP0034', 'LTHP0035']",True
BU012,Buurt L,"[235267.8538, 582275.445]","[('E', 0.7032936836039756), ('H', 0.15777872992423825), ('W', 0.13892758647178616)]",E,,iteration 1,0.7032936836039756,0,176,512.5,390.0,32.0,16.0,0,0.9,100,0.0,33.91485088,7,6.925575799,0.275693125,0.0063052609999999995,0.055355768,"BU013,BU014",GM002,Gemeente Y,"{'Apartment': {'2001-2010': {'aantal_woningen': 176, 'aantal_kleine_woningen': 66, 'gem_epi': 1.227045455, 'gem_oppervlakte': 101.5454545}, '<1946': {'aantal_woningen': 8, 'aantal_kleine_woningen': 3, 'gem_epi': 1.67125, 'gem_oppervlakte': 73.0}, '1946-1974': {'aantal_woningen': 60, 'aantal_kleine_woningen': 16, 'gem_epi': 2.165833333, 'gem_oppervlakte': 78.96666667}, '1975-1990': {'aantal_woningen': 205, 'aantal_kleine_woningen': 117, 'gem_epi': 1.403463415, 'gem_oppervlakte': 77.84878049}, '>2010': {'aantal_woningen': 512.5, 'aantal_kleine_woningen': 0.0, 'gem_epi': 0.9, 'gem_oppervlakte': 100.0}}, 'Terraced house': {'<1946': {'aantal_woningen': 10, 'aantal_kleine_woningen': 1, 'gem_epi': 1.954, 'gem_oppervlakte': 133.4}, '1975-1990': {'aantal_woningen': 39, 'aantal_kleine_woningen': 0, 'gem_epi': 1.657948718, 'gem_oppervlakte': 127.8205128}, '>2010': {'aantal_woningen': 390.0, 'aantal_kleine_woningen': 0.0, 'gem_epi': 0.9, 'gem_oppervlakte': 100.0}}, 'Semi-detached house': {'<1946': {'aantal_woningen': 2, 'aantal_kleine_woningen': 0, 'gem_epi': 2.52, 'gem_oppervlakte': 151.5}, '>2010': {'aantal_woningen': 16.0, 'aantal_kleine_woningen': 0.0, 'gem_epi': 0.9, 'gem_oppervlakte': 100.0}}, 'Detached house': {'<1946': {'aantal_woningen': 3, 'aantal_kleine_woningen': 0, 'gem_epi': 2.0, 'gem_oppervlakte': 129.6666667}, '1975-1990': {'aantal_woningen': 1, 'aantal_kleine_woningen': 0, 'gem_epi': 1.82, 'gem_oppervlakte': 87.0}, '>2010': {'aantal_woningen': 32.0, 'aantal_kleine_woningen': 0.0, 'gem_epi': 0.9, 'gem_oppervlakte': 100.0}}}","{'Small': {'<1991': {'aantal_gebouwen': 1, 'gem_epi': 2.8, 'totaal_oppervlakte': 144}, '>2000': {'aantal_gebouwen': 28, 'gem_epi': 1.224642857, 'totaal_oppervlakte': 2436}}, 'Medium': {'<1991': {'aantal_gebouwen': 8, 'gem_epi': 2.536256274, 'totaal_oppervlakte': 3387}, '1991-2000': {'aantal_gebouwen': 3, 'gem_epi': 1.3, 'totaal_oppervlakte': 1595}}, 'Large': {'<1991': {'aantal_gebouwen': 1, 'gem_epi': 1.3, 'totaal_oppervlakte': 2870}, '1991-2000': {'aantal_gebouwen': 2, 'gem_epi': 0.931806628, 'totaal_oppervlakte': 14635}}}","['HTHP0001', 'HTHP0002', 'HTHP0003']","['LTHP0001', 'LTHP0002', 'LTHP0003', 'LTHP0013', 'LTHP0014', 'LTHP0015', 'LTHP0025', 'LTHP0026', 'LTHP0027']",False
BU006,Buurt F,"[233895.5427, 583637.9886]","[('W', 0.6486353391858736), ('H', 0.21417062265591358), ('E', 0.1371940381582128)]",W,HTHP0007,iteration 1,0.6486353391858736,0,482,98.0,0.0,0.0,0.0,0,0.9,100,0.0,28.68266268,7,7.153145466000001,0.458678607,0.023570352000000003,0.075077435,"BU007,BU008",GM001,Gemeente X,"{'Apartment': {'2001-2010': {'aantal_woningen': 181, 'aantal_kleine_woningen': 17, 'gem_epi': 1.070883978, 'gem_oppervlakte': 101.30386740000002}, '<1946': {'aantal_woningen': 1848, 'aantal_kleine_woningen': 905, 'gem_epi': 1.9904491340000001, 'gem_oppervlakte': 79.09145022}, '1946-1974': {'aantal_woningen': 1573, 'aantal_kleine_woningen': 1226, 'gem_epi': 1.698804832, 'gem_oppervlakte': 64.40050858}, '1991-2000': {'aantal_woningen': 344, 'aantal_kleine_woningen': 120, 'gem_epi': 1.3584883719999998, 'gem_oppervlakte': 80.69767442}, '1975-1990': {'aantal_woningen': 31, 'aantal_kleine_woningen': 22, 'gem_epi': 1.777096774, 'gem_oppervlakte': 60.41935484}, '>2010': {'aantal_woningen': 237.0, 'aantal_kleine_woningen': 44, 'gem_epi': 0.9229113922869198, 'gem_oppervlakte': 84.30801687966245}}, 'Terraced house': {'2001-2010': {'aantal_woningen': 101, 'aantal_kleine_woningen': 5, 'gem_epi': 1.14009901, 'gem_oppervlakte': 128.4554455}, '<1946': {'aantal_woningen': 268, 'aantal_kleine_woningen': 85, 'gem_epi': 1.983843284, 'gem_oppervlakte': 110.5074627}, '1946-1974': {'aantal_woningen': 5, 'aantal_kleine_woningen': 4, 'gem_epi': 2.108, 'gem_oppervlakte': 63.4}, '1991-2000': {'aantal_woningen': 159, 'aantal_kleine_woningen': 0, 'gem_epi': 1.2815723270000001, 'gem_oppervlakte': 94.36477987}, '1975-1990': {'aantal_woningen': 1, 'aantal_kleine_woningen': 0, 'gem_epi': 1.66, 'gem_oppervlakte': 102.0}, '>2010': {'aantal_woningen': 61, 'aantal_kleine_woningen': 0, 'gem_epi': 0.867377049, 'gem_oppervlakte': 137.63934430000003}}, 'Semi-detached house': {'<1946': {'aantal_woningen': 9, 'aantal_kleine_woningen': 5, 'gem_epi': 1.582222222, 'gem_oppervlakte': 80.0}, '>2010': {'aantal_woningen': 0.0, 'aantal_kleine_woningen': 0.0, 'gem_epi': 0.0, 'gem_oppervlakte': 0.0}}, 'Detached house': {'1946-1974': {'aantal_woningen': 1, 'aantal_kleine_woningen': 0, 'gem_epi': 2.23, 'gem_oppervlakte': 241.0}, '>2010': {'aantal_woningen': 0.0, 'aantal_kleine_woningen': 0.0, 'gem_epi': 0.0, 'gem_oppervlakte': 0.0}}}","{'Small': {'<1991': {'aantal_gebouwen': 64, 'gem_epi': 2.189901168, 'totaal_oppervlakte': 5565}, '1991-2000': {'aantal_gebouwen': 9, 'gem_epi': 1.084728033, 'totaal_oppervlakte': 956}, '>2000': {'aantal_gebouwen': 3, 'gem_epi': 1.087906977, 'totaal_oppervlakte': 430}}, 'Medium': {'<1991': {'aantal_gebouwen': 16, 'gem_epi': 2.041550273, 'totaal_oppervlakte': 8792}, '1991-2000': {'aantal_gebouwen': 9, 'gem_epi': 0.929329645, 'totaal_oppervlakte': 4699}, '>2000': {'aantal_gebouwen': 2, 'gem_epi': 0.862110961, 'totaal_oppervlakte': 2217}}, 'Large': {'1991-2000': {'aantal_gebouwen': 1, 'gem_epi': 1.04, 'totaal_oppervlakte': 4739}, '>2000': {'aantal_gebouwen': 1, 'gem_epi': 1.3, 'totaal_oppervlakte': 7319}}}","['HTHP0007', 'HTHP0008']","['LTHP0007', 'LTHP0008', 'LTHP0009', 'LTHP0019', 'LTHP0020', 'LTHP0021', 'LTHP0031', 'LTHP0032', 'LTHP0033']",True
BU011,Buurt K,"[235278.5349, 582894.0684]","[('W', 0.5220204649526775), ('H', 0.2978503688313098), ('E', 0.18012916621601266)]",W,HTHP0004,iteration 1,0.5220204649526775,0,52,0.0,94.0,0.0,3.0,0,0.9,100,0.0,27.89188233,7,6.516,0.524058173,0.018378099999999998,0.07056370299999999,"BU012,BU013",GM002,Gemeente Y,"{'Apartment': {'1946-1974': {'aantal_woningen': 565, 'aantal_kleine_woningen': 170, 'gem_epi': 1.986513274, 'gem_oppervlakte': 79.6}, '>2010': {'aantal_woningen': 0.0, 'aantal_kleine_woningen': 0.0, 'gem_epi': 0.0, 'gem_oppervlakte': 0.0}}, 'Terraced house': {'2001-2010': {'aantal_woningen': 52, 'aantal_kleine_woningen': 0, 'gem_epi': 1.2975, 'gem_oppervlakte': 131.4038462}, '<1946': {'aantal_woningen': 60, 'aantal_kleine_woningen': 2, 'gem_epi': 2.080333333, 'gem_oppervlakte': 95.56666667}, '1946-1974': {'aantal_woningen': 10, 'aantal_kleine_woningen': 10, 'gem_epi': 2.144, 'gem_oppervlakte': 51.0}, '1991-2000': {'aantal_woningen': 14, 'aantal_kleine_woningen': 0, 'gem_epi': 1.3307142859999999, 'gem_oppervlakte': 137.4285714}, '>2010': {'aantal_woningen': 94.0, 'aantal_kleine_woningen': 0.0, 'gem_epi': 0.9000000000000001, 'gem_oppervlakte': 100.0}}, 'Semi-detached house': {'2001-2010': {'aantal_woningen': 4, 'aantal_kleine_woningen': 0, 'gem_epi': 1.33, 'gem_oppervlakte': 128.0}, '>2010': {'aantal_woningen': 3.0, 'aantal_kleine_woningen': 0.0, 'gem_epi': 0.9, 'gem_oppervlakte': 100.0}}, 'Detached house': {'>2010': {'aantal_woningen': 0.0, 'aantal_kleine_woningen': 0.0, 'gem_epi': 0.0, 'gem_oppervlakte': 0.0}}}","{'Small': {'<1991': {'aantal_gebouwen': 3, 'gem_epi': 1.309575071, 'totaal_oppervlakte': 353}, '>2000': {'aantal_gebouwen': 1, 'gem_epi': 1.3, 'totaal_oppervlakte': 136}}, 'Medium': {'<1991': {'aantal_gebouwen': 7, 'gem_epi': 1.9891730769999998, 'totaal_oppervlakte': 3640}, '>2000': {'aantal_gebouwen': 1, 'gem_epi': 1.3, 'totaal_oppervlakte': 314}}, 'Large': {}}","['HTHP0002', 'HTHP0003', 'HTHP0004']","['LTHP0002', 'LTHP0003', 'LTHP0004', 'LTHP0014', 'LTHP0015', 'LTHP0016', 'LTHP0026', 'LTHP0027', 'LTHP0028']",False
BU003,Buurt C,"[232728.3082, 581812.506]","[('W', 0.7295231736149725), ('H', 0.21688947262690134), ('E', 0.05358735375812611)]",W,geothermal,iteration 1,0.7295231736149725,0,86,24.0,20.0,0.0,0.0,0,0.9,100,0.0,41.73917453,7,9.344888191,0.6478838610000001,0.006736738000000001,0.05167145099999999,"BU004,BU005",GM001,Gemeente X,"{'Apartment': {'2001-2010': {'aantal_woningen': 25, 'aantal_kleine_woningen': 0, 'gem_epi': 1.2224, 'gem_oppervlakte': 118.16}, '<1946': {'aantal_woningen': 1183, 'aantal_kleine_woningen': 517, 'gem_epi': 2.069256128, 'gem_oppervlakte': 97.19019442}, '1946-1974': {'aantal_woningen': 179, 'aantal_kleine_woningen': 145, 'gem_epi': 1.4348044690000001, 'gem_oppervlakte': 56.03351955}, '1991-2000': {'aantal_woningen': 159, 'aantal_kleine_woningen': 5, 'gem_epi': 1.309496855, 'gem_oppervlakte': 95.08176101}, '1975-1990': {'aantal_woningen': 169, 'aantal_kleine_woningen': 37, 'gem_epi': 1.405502959, 'gem_oppervlakte': 89.33727811}, '>2010': {'aantal_woningen': 75.0, 'aantal_kleine_woningen': 39, 'gem_epi': 0.8850666668799999, 'gem_oppervlakte': 76.5466666656}}, 'Terraced house': {'2001-2010': {'aantal_woningen': 10, 'aantal_kleine_woningen': 0, 'gem_epi': 1.296, 'gem_oppervlakte': 246.1}, '<1946': {'aantal_woningen': 535, 'aantal_kleine_woningen': 48, 'gem_epi': 2.13588785, 'gem_oppervlakte': 175.235514}, '1946-1974': {'aantal_woningen': 3, 'aantal_kleine_woningen': 0, 'gem_epi': 2.06, 'gem_oppervlakte': 175.0}, '1991-2000': {'aantal_woningen': 70, 'aantal_kleine_woningen': 0, 'gem_epi': 1.351285714, 'gem_oppervlakte': 151.67142859999998}, '1975-1990': {'aantal_woningen': 115, 'aantal_kleine_woningen': 1, 'gem_epi': 1.6006086959999999, 'gem_oppervlakte': 129.4695652}, '>2010': {'aantal_woningen': 20.0, 'aantal_kleine_woningen': 0.0, 'gem_epi': 0.9, 'gem_oppervlakte': 100.0}}, 'Semi-detached house': {'<1946': {'aantal_woningen': 2, 'aantal_kleine_woningen': 0, 'gem_epi': 2.645, 'gem_oppervlakte': 144.0}, '>2010': {'aantal_woningen': 0.0, 'aantal_kleine_woningen': 0.0, 'gem_epi': 0.0, 'gem_oppervlakte': 0.0}}, 'Detached house': {'2001-2010': {'aantal_woningen': 1, 'aantal_kleine_woningen': 0, 'gem_epi': 1.11, 'gem_oppervlakte': 156.0}, '<1946': {'aantal_woningen': 3, 'aantal_kleine_woningen': 0, 'gem_epi': 2.626666667, 'gem_oppervlakte': 172.0}, '>2010': {'aantal_woningen': 0.0, 'aantal_kleine_woningen': 0.0, 'gem_epi': 0.0, 'gem_oppervlakte': 0.0}}}","{'Small': {'<1991': {'aantal_gebouwen': 97, 'gem_epi': 2.385861466, 'totaal_oppervlakte': 9153}, '>2000': {'aantal_gebouwen': 1, 'gem_epi': 1.3, 'totaal_oppervlakte': 141}}, 'Medium': {'<1991': {'aantal_gebouwen': 35, 'gem_epi': 2.308636178, 'totaal_oppervlakte': 14716}, '>2000': {'aantal_gebouwen': 1, 'gem_epi': 1.3, 'totaal_oppervlakte': 327}}, 'Large': {'<1991': {'aantal_gebouwen': 3, 'gem_epi': 2.655571052, 'totaal_oppervlakte': 17065}}}",[],"['LTHP0010', 'LTHP0011', 'LTHP0012', 'LTHP0022', 'LTHP0023', 'LTHP0024', 'LTHP0034', 'LTHP0035', 'LTHP0036']",True
BU010,Buurt J,"[235010.197, 582608.2873]","[('W', 0.666877343331548), ('H', 0.27474022495982864), ('E', 0.05838243170862346)]",W,HTHP0005,iteration 1,0.666877343331548,0,59,50.0,0.0,0.0,0.0,0,0.9,100,0.0,27.04174666,7,6.739211569,0.7128307009999999,0.016386936,0.09671451699999999,"BU011,BU012",GM002,Gemeente Y,"{'Apartment': {'<1946': {'aantal_woningen': 682, 'aantal_kleine_woningen': 160, 'gem_epi': 1.907947214, 'gem_oppervlakte': 84.54105572}, '1946-1974': {'aantal_woningen': 2, 'aantal_kleine_woningen': 1, 'gem_epi': 2.2, 'gem_oppervlakte': 82.5}, '1991-2000': {'aantal_woningen': 15, 'aantal_kleine_woningen': 12, 'gem_epi': 1.25, 'gem_oppervlakte': 67.2}, '1975-1990': {'aantal_woningen': 335, 'aantal_kleine_woningen': 87, 'gem_epi': 1.38961194, 'gem_oppervlakte': 97.45373134}, '>2010': {'aantal_woningen': 109.0, 'aantal_kleine_woningen': 59, 'gem_epi': 0.9172477065412844, 'gem_oppervlakte': 70.29357798284403}}, 'Terraced house': {'<1946': {'aantal_woningen': 666, 'aantal_kleine_woningen': 342, 'gem_epi': 1.623663664, 'gem_oppervlakte': 77.7012012}, '>2010': {'aantal_woningen': 0.0, 'aantal_kleine_woningen': 0.0, 'gem_epi': 0.0, 'gem_oppervlakte': 0.0}}, 'Semi-detached house': {'<1946': {'aantal_woningen': 58, 'aantal_kleine_woningen': 15, 'gem_epi': 1.934482759, 'gem_oppervlakte': 96.06896552}, '>2010': {'aantal_woningen': 0.0, 'aantal_kleine_woningen': 0.0, 'gem_epi': 0.0, 'gem_oppervlakte': 0.0}}, 'Detached house': {'>2010': {'aantal_woningen': 0.0, 'aantal_kleine_woningen': 0.0, 'gem_epi': 0.0, 'gem_oppervlakte': 0.0}}}","{'Small': {'<1991': {'aantal_gebouwen': 10, 'gem_epi': 1.78244856, 'totaal_oppervlakte': 972}}, 'Medium': {'<1991': {'aantal_gebouwen': 6, 'gem_epi': 2.229409687, 'totaal_oppervlakte': 3964}}, 'Large': {}}","['HTHP0003', 'HTHP0004', 'HTHP0005']","['LTHP0003', 'LTHP0004', 'LTHP0005', 'LTHP0015', 'LTHP0016', 'LTHP0017', 'LTHP0027', 'LTHP0028', 'LTHP0029']",False
BU002,Buurt B,"[232918.3791, 582805.6539]","[('W', 0.7556227908623737), ('H', 0.22470309055847024), ('E', 0.019674118579156068)]",W,geothermal,iteration 1,0.7556227908623737,0,30,0.0,0.0,0.0,0.0,0,0.9,100,0.0,37.32954277,7,7.966732597000001,0.818588577,0.027042505,0.114292021,"BU003,BU004",GM001,Gemeente X,"{'Apartment': {'2001-2010': {'aantal_woningen': 3, 'aantal_kleine_woningen': 0, 'gem_epi': 1.31, 'gem_oppervlakte': 99.66666667}, '<1946': {'aantal_woningen': 976, 'aantal_kleine_woningen': 415, 'gem_epi': 2.049036885, 'gem_oppervlakte': 82.22233607}, '1946-1974': {'aantal_woningen': 15, 'aantal_kleine_woningen': 8, 'gem_epi': 1.9373333330000002, 'gem_oppervlakte': 61.6}, '1991-2000': {'aantal_woningen': 65, 'aantal_kleine_woningen': 46, 'gem_epi': 1.314923077, 'gem_oppervlakte': 57.89230769}, '1975-1990': {'aantal_woningen': 173, 'aantal_kleine_woningen': 79, 'gem_epi': 1.4752601159999998, 'gem_oppervlakte': 71.34104046}, '>2010': {'aantal_woningen': 16, 'aantal_kleine_woningen': 16, 'gem_epi': 0.8875, 'gem_oppervlakte': 29.875}}, 'Terraced house': {'2001-2010': {'aantal_woningen': 10, 'aantal_kleine_woningen': 0, 'gem_epi': 1.3630000000000002, 'gem_oppervlakte': 179.8}, '<1946': {'aantal_woningen': 754, 'aantal_kleine_woningen': 200, 'gem_epi': 2.1350397880000003, 'gem_oppervlakte': 106.2838196}, '1946-1974': {'aantal_woningen': 3, 'aantal_kleine_woningen': 0, 'gem_epi': 2.1, 'gem_oppervlakte': 150.66666669999998}, '1991-2000': {'aantal_woningen': 42, 'aantal_kleine_woningen': 0, 'gem_epi': 1.308333333, 'gem_oppervlakte': 139.33333330000002}, '1975-1990': {'aantal_woningen': 13, 'aantal_kleine_woningen': 0, 'gem_epi': 1.655384615, 'gem_oppervlakte': 161.9230769}, '>2010': {'aantal_woningen': 1, 'aantal_kleine_woningen': 1, 'gem_epi': 0.9, 'gem_oppervlakte': 43.0}}, 'Semi-detached house': {'<1946': {'aantal_woningen': 9, 'aantal_kleine_woningen': 0, 'gem_epi': 2.531111111, 'gem_oppervlakte': 123.8888889}, '>2010': {'aantal_woningen': 0.0, 'aantal_kleine_woningen': 0.0, 'gem_epi': 0.0, 'gem_oppervlakte': 0.0}}, 'Detached house': {'<1946': {'aantal_woningen': 3, 'aantal_kleine_woningen': 0, 'gem_epi': 2.23, 'gem_oppervlakte': 375.0}, '>2010': {'aantal_woningen': 0.0, 'aantal_kleine_woningen': 0.0, 'gem_epi': 0.0, 'gem_oppervlakte': 0.0}}}","{'Small': {'<1991': {'aantal_gebouwen': 32, 'gem_epi': 2.1798941000000003, 'totaal_oppervlakte': 2644}, '1991-2000': {'aantal_gebouwen': 2, 'gem_epi': 0.741851852, 'totaal_oppervlakte': 216}, '>2000': {'aantal_gebouwen': 1, 'gem_epi': 0.4, 'totaal_oppervlakte': 85}}, 'Medium': {'<1991': {'aantal_gebouwen': 15, 'gem_epi': 2.031058307, 'totaal_oppervlakte': 10942}}, 'Large': {}}",[],"['LTHP0011', 'LTHP0012', 'LTHP0023', 'LTHP0024', 'LTHP0035', 'LTHP0036']",True
BU001,Buurt A,"[232537.5626, 582256.5507]","[('W', 0.8167610748002905), ('H', 0.1741321713870734), ('E', 0.009106753812636167)]",W,geothermal,iteration 1,0.8167610748002905,0,0,0.0,0.0,0.0,0.0,0,0.9,100,0.0,35.38862559,7,7.4879999999999995,0.44059304200000005,0.007978627,0.048169752999999996,"BU002,BU003",GM001,Gemeente X,"{'Apartment': {'<1946': {'aantal_woningen': 900, 'aantal_kleine_woningen': 267, 'gem_epi': 2.029222222, 'gem_oppervlakte': 91.37222222}, '1946-1974': {'aantal_woningen': 52, 'aantal_kleine_woningen': 26, 'gem_epi': 1.7540384619999998, 'gem_oppervlakte': 71.28846154}, '1991-2000': {'aantal_woningen': 44, 'aantal_kleine_woningen': 0, 'gem_epi': 1.292045455, 'gem_oppervlakte': 127.29545449999999}, '1975-1990': {'aantal_woningen': 75, 'aantal_kleine_woningen': 0, 'gem_epi': 1.4533333330000002, 'gem_oppervlakte': 108.69333329999999}, '>2010': {'aantal_woningen': 0.0, 'aantal_kleine_woningen': 0.0, 'gem_epi': 0.0, 'gem_oppervlakte': 0.0}}, 'Terraced house': {'<1946': {'aantal_woningen': 207, 'aantal_kleine_woningen': 45, 'gem_epi': 1.9481159419999998, 'gem_oppervlakte': 131.5217391}, '1991-2000': {'aantal_woningen': 38, 'aantal_kleine_woningen': 0, 'gem_epi': 1.3565789469999998, 'gem_oppervlakte': 176.7368421}, '1975-1990': {'aantal_woningen': 36, 'aantal_kleine_woningen': 0, 'gem_epi': 1.6208333330000002, 'gem_oppervlakte': 182.6944444}, '>2010': {'aantal_woningen': 0.0, 'aantal_kleine_woningen': 0.0, 'gem_epi': 0.0, 'gem_oppervlakte': 0.0}}, 'Semi-detached house': {'<1946': {'aantal_woningen': 23, 'aantal_kleine_woningen': 0, 'gem_epi': 2.469565217, 'gem_oppervlakte': 211.69565219999998}, '>2010': {'aantal_woningen': 0.0, 'aantal_kleine_woningen': 0.0, 'gem_epi': 0.0, 'gem_oppervlakte': 0.0}}, 'Detached house': {'<1946': {'aantal_woningen': 2, 'aantal_kleine_woningen': 0, 'gem_epi': 2.23, 'gem_oppervlakte': 274.0}, '>2010': {'aantal_woningen': 0.0, 'aantal_kleine_woningen': 0.0, 'gem_epi': 0.0, 'gem_oppervlakte': 0.0}}}","{'Small': {'<1991': {'aantal_gebouwen': 17, 'gem_epi': 2.29199748, 'totaal_oppervlakte': 1587}, '1991-2000': {'aantal_gebouwen': 2, 'gem_epi': 1.312676056, 'totaal_oppervlakte': 284}}, 'Medium': {'<1991': {'aantal_gebouwen': 6, 'gem_epi': 2.165453461, 'totaal_oppervlakte': 4190}, '1991-2000': {'aantal_gebouwen': 1, 'gem_epi': 0.7, 'totaal_oppervlakte': 1823}}, 'Large': {}}",[],"['LTHP0012', 'LTHP0024', 'LTHP0036']",True
