neighbourhood_code,heat_source_code,heat_source_name,distance_in_m
BU03072900,HTHP0080,gas WKK eneco,867.4729071405513
BU03072902,HTHP0080,gas WKK eneco,561.2089004894685
BU03073101,HTHP0080,gas WKK eneco,220.4214584703355
BU03211230,HTHP0017,Vijfwal,548.4494467140125
BU03211232,LTHP0086,Rovitech ICT BV,815.5615719937967
BU03211234,HTHP0017,Vijfwal,753.1646115146605
BU03211236,HTHP0017,Vijfwal,554.3414842952102
BU03211237,HTHP0017,Vijfwal,775.6523332369584
BU03211342,HTHP0017,Vijfwal,891.9283747707242
BU03211345,HTHP0023,Eneco HWC Nicolaas Beetsstraat,9207.437343387526
BU03212059,LTHP0086,Rovitech ICT BV,506.7001506814891
BU03440312,HTHP0024,Eneco HWC Overvecht,1523.3045536448722
BU03440321,HTHP0024,Eneco HWC Overvecht,195.9500840539436
BU03440322,HTHP0024,Eneco HWC Overvecht,1004.9953678315336
BU03440331,HTHP0024,Eneco HWC Overvecht,536.8195045931205
BU03440341,HTHP0024,Eneco HWC Overvecht,847.4380321462396
BU03440342,HTHP0024,Eneco HWC Overvecht,1235.7215561007451
BU03440431,HTHP0022,WOS_merkesstraat,684.3363604733611
BU03440533,HTHP0023,Eneco HWC Nicolaas Beetsstraat,4207.001886925356
BU03440534,HTHP0022,WOS_merkesstraat,843.4286834516697
BU03440535,HTHP0023,Eneco HWC Nicolaas Beetsstraat,2333.8610712791224
BU03440613,HTHP0085,Nuon Kanaalweg,971.1425402748334
BU03440628,HTHP0021,WOS_rijksstraatweg,3139.084429370372
BU03440822,HTHP0092,Eneco Merwedekanaal,3713.2877081488996
BU03440911,LTHP0116,WRK I,538.5737431198023
BU03440912,HTHP0016,Biowarmte Installatie Lage Weide,2392.3787622139635
BU03440913,HTHP0016,Biowarmte Installatie Lage Weide,1480.7169196160582
BU03440921,HTHP0016,Biowarmte Installatie Lage Weide,2311.224339273232
BU03440922,HTHP0016,Biowarmte Installatie Lage Weide,1607.4249732187616
BU03440932,HTHP0016,Biowarmte Installatie Lage Weide,1011.2084366507796
BU03440933,HTHP0021,WOS_rijksstraatweg,988.3272577006762
BU03440934,HTHP0021,WOS_rijksstraatweg,987.197035114413
BU03440941,HTHP0016,Biowarmte Installatie Lage Weide,1703.7227995697187
BU03440942,HTHP0067,BASF Nederland BV Catalysts,1629.1204018719409
BU03440943,HTHP0016,Biowarmte Installatie Lage Weide,2012.0858769570177
BU03530016,LTHP0195,Alticom IJsselstein,799.3656777584539
BU03560700,HTHP0092,Eneco Merwedekanaal,5923.394307079885
BU03560800,HTHP0082,Nuon Nieuwegein,3294.307175339313
BU03561000,HTHP0092,Eneco Merwedekanaal,9211.973109322756
BU03561200,HTHP0082,Nuon Nieuwegein,2655.153708800084
BU03561400,HTHP0092,Eneco Merwedekanaal,8170.418459523634
BU03562400,HTHP0092,Eneco Merwedekanaal,8042.438025181852
BU04820502,LTHP0161,Dataplace Rotterdam,435.86667397285225
BU04891735,HTHP0088,EOn Benelux NV Galileistraat,8208.129169636019
BU04895080,LTHP0004,RWZI   Barendrecht,217.5746182831297
BU05020444,LTHP0109,RWZI   Groenedijk,159.18832311201092
BU05020770,HTHP0094,EON Centrale RoCa,649.2153186855542
BU05020771,HTHP0094,EON Centrale RoCa,1237.621180920929
BU05020772,HTHP0094,EON Centrale RoCa,1040.4230337853728
BU05020773,HTHP0094,EON Centrale RoCa,1078.6244238074426
BU05020775,HTHP0094,EON Centrale RoCa,1461.121592199543
BU05020776,HTHP0094,EON Centrale RoCa,1657.10320789489
BU05020777,HTHP0094,EON Centrale RoCa,1948.8976951060645
BU05020778,HTHP0094,EON Centrale RoCa,2155.2105717743098
BU05020779,HTHP0094,EON Centrale RoCa,2353.9961068989937
BU05020881,HTHP0094,EON Centrale RoCa,387.96608853976073
BU05020884,HTHP0094,EON Centrale RoCa,1509.4980691093415
BU05020886,HTHP0094,EON Centrale RoCa,1153.1942770454798
BU05020887,HTHP0094,EON Centrale RoCa,1704.8414705516834
BU05020888,HTHP0094,EON Centrale RoCa,2067.922505756083
BU05020889,HTHP0094,EON Centrale RoCa,1573.0129844597404
BU05020991,HTHP0051,IHC Krimpen Shipyard BV,2386.6522714221937
BU05020992,HTHP0051,IHC Krimpen Shipyard BV,2020.881194118121
BU05020993,HTHP0051,IHC Krimpen Shipyard BV,1845.0017511653084
BU05031406,HTHP0039,DSM Delft Permit BV,1810.5641837055937
BU05031601,HTHP0039,DSM Delft Permit BV,1486.3127928915776
BU05059801,HTHP0001,DRSH Zuiveringsslib N V,1076.0775445141269
BU05184002,HTHP0103,WSW Capturam Geothermie,6432.535472429894
BU05184208,HTHP0039,DSM Delft Permit BV,3572.3230673009507
BU05990110,HTHP0094,EON Centrale RoCa,6393.712261379538
BU05990113,HTHP0088,EOn Benelux NV Galileistraat,3169.8171373040923
BU05990329,HTHP0088,EOn Benelux NV Galileistraat,1839.750921944793
BU05990845,HTHP0051,IHC Krimpen Shipyard BV,3188.816073387595
BU05991017,HTHP0084,Eon Laurensplaat Delfsevaart,1739.6199410933796
BU05991466,HTHP0094,EON Centrale RoCa,1536.6463048855712
BU05991467,HTHP0094,EON Centrale RoCa,829.6664988308528
BU05991468,HTHP0094,EON Centrale RoCa,3461.9297637421914
BU05991926,HTHP0056,Air Liquide Pergen VOF,4585.846954816447
BU06060101,HTHP0088,EOn Benelux NV Galileistraat,1884.64732728311
BU06100109,HTHP0001,DRSH Zuiveringsslib N V,1285.3765269544074
BU06420401,HTHP0029,Ashland Industries Nederland BV,1369.3203166654994
BU07180403,HTHP0060,Eastman Chemical Middelburg BV,6436.25742611069
BU16211321,HTHP0094,EON Centrale RoCa,5905.594841486131
BU19260225,HTHP0039,DSM Delft Permit BV,4076.2098101722063
BU19301003,LTHP0035,W_Gemaal_1194,402.79531245654897
BU03212058,LTHP0086,Rovitech ICT BV,506.5173831400731
BU05031300,HTHP0039,DSM Delft Permit BV,356.7435808623801
BU03441021,LTHP0011,RWZI   De Meern,923.2909033075293
BU03130011,LTHP0268,Mayonna BV,1210.917592925506
BU19300603,HTHP0047,Aluminium en Chemie Rotterdam BV,3299.880469063986
BU05184110,LTHP0339,Menken Van den Assem Fresh Food BV,663.378726013951
BU03212060,LTHP0051,RWZI   Houten,980.7066661274918
BU03441023,LTHP0011,RWZI   De Meern,399.466546969714
BU19301004,LTHP0035,W_Gemaal_1194,627.3968727641487
BU05183131,HTHP0076,EOn Centrale Den Haag,1078.6433216899684
BU03440953,LTHP0106,RAM Infotechnology  Utrecht,256.0616926261446
BU05182762,HTHP0076,EOn Centrale Den Haag,2641.5924071621716
BU03212062,LTHP0087,Telecom  Paper BV,688.2092349999444
BU05184418,LTHP0217,Vodafone  Leidschenveen,471.6016444281918
BU05020885,LTHP0175,InterBox Internet  Capelle a d Ijssel,25.302531260569708
BU19040116,LTHP0221,Eurofiber   Eurofiber Datacenter Utrecht,445.0917266366197
BU03400503,LTHP0129,A H  Bunnik BV,726.6654875516676
BU17830161,LTHP0222,Greenhouse Datacenters B V,671.644124883163
BU03550508,LTHP0220,Interoute  Soesterberg  Soesterberg,1095.979614344844
BU05184211,LTHP0339,Menken Van den Assem Fresh Food BV,843.4272048166165
BU03072502,LTHP0164,Tele2  POP   Amersfoort  Amersfoort,803.2568317192348
BU06031064,LTHP0402,RWZI   Harnaschpolder,897.14442272311
BU03441022,LTHP0011,RWZI   De Meern,1107.568734812844
BU03070503,HTHP0008,biomassaketel_deIsselt,1914.5288001287227
BU05184419,LTHP0217,Vodafone  Leidschenveen,1023.8845711715063
BU05990531,HTHP0094,EON Centrale RoCa,6888.8129417646915
BU03440931,LTHP0115,WRK I,677.51069801139
BU06320204,LTHP0104,Pincode Telenet BV,1284.6728540857273
BU05990532,HTHP0094,EON Centrale RoCa,7657.96848284154
BU03450105,LTHP0150,De Indruk Internetcommunicatie BV,1558.4148929382147
BU06420106,HTHP0031,Sime Darby Unimills BV,2802.420511550634
BU06031082,HTHP0039,DSM Delft Permit BV,1808.0052461510074
BU05050606,HTHP0002,HVC Afvalcentrale Dordrecht,660.4755222873879
BU03100303,HTHP0024,Eneco HWC Overvecht,6800.972268588312
BU05050602,HTHP0050,Chemours Netherlands BV,2528.562098221191
BU05120800,LTHP0149,Promelca BV,104.29996494005073
BU16760007,LTHP0336,Zeelandia H J  Doeleman BV,1396.0619831275374
BU06060308,HTHP0088,EOn Benelux NV Galileistraat,2941.420886679759
BU03960202,HTHP0025,Nuon Power Generation BV Velsen,5642.018278511552
BU03561800,LTHP0033,W_Gemaal_999,1327.7445622749408
BU06060302,HTHP0056,Air Liquide Pergen VOF,3311.871715173447
BU06060106,HTHP0056,Air Liquide Pergen VOF,4694.638296698608
BU06060301,HTHP0056,Air Liquide Pergen VOF,3186.288551390733
BU05184317,LTHP0217,Vodafone  Leidschenveen,139.8388256921446
BU06420309,HTHP0031,Sime Darby Unimills BV,2343.9587978043014
BU03070100,HTHP0007,biomassaketel_deHoef,2802.3827601339854
BU19041201,LTHP0221,Eurofiber   Eurofiber Datacenter Utrecht,556.9398809892683
BU03440123,HTHP0092,Eneco Merwedekanaal,1632.8595724028091
BU05020882,HTHP0094,EON Centrale RoCa,807.590360738648
BU03212061,LTHP0086,Rovitech ICT BV,402.21828797465673
BU03440611,HTHP0024,Eneco HWC Overvecht,2579.866847793607
BU05991571,HTHP0056,Air Liquide Pergen VOF,8105.677665826889
BU05020883,HTHP0094,EON Centrale RoCa,1104.0822029573644
BU03440414,HTHP0024,Eneco HWC Overvecht,1415.5801110948169
BU03440231,HTHP0092,Eneco Merwedekanaal,957.844633422813
BU05990324,HTHP0094,EON Centrale RoCa,8666.91261364587
BU03440531,HTHP0024,Eneco HWC Overvecht,4102.161165198771
BU05990119,HTHP0051,IHC Krimpen Shipyard BV,7225.59369456294
BU03070501,HTHP0008,biomassaketel_deIsselt,3072.9044989295226
BU05990325,HTHP0056,Air Liquide Pergen VOF,7221.138214817813
BU05990661,HTHP0094,EON Centrale RoCa,6148.96073656367
BU06420502,HTHP0031,Sime Darby Unimills BV,1353.2224955215227
BU06320301,LTHP0223,Switch Datacenters   Woerden,440.16516480204643
BU06060107,HTHP0078,Rijnmond Energie,4813.149939469206
BU05990516,HTHP0094,EON Centrale RoCa,6981.306900930851
BU05181785,HTHP0103,WSW Capturam Geothermie,6430.135560271899
BU06640108,LTHP0188,Alticom Goes,879.3173695414662
BU03440411,HTHP0092,Eneco Merwedekanaal,2778.5515863965975
BU06640779,HTHP0072,Zeeland Refinery NV,9908.365285370412
BU05990534,HTHP0094,EON Centrale RoCa,6290.559953927276
BU03440612,HTHP0092,Eneco Merwedekanaal,2892.803714958746
BU05990327,HTHP0037,Maasstroom Energie CV,5822.316455957216
BU05990320,HTHP0075,Shell Nederland Raffinaderij BV,8717.163760993808
BU03440623,HTHP0092,Eneco Merwedekanaal,3283.118352810241
BU06220303,HTHP0068,Biopetrol Rotterdam BV,1678.8241413761943
BU05991572,HTHP0094,EON Centrale RoCa,9212.596017966685
BU06031084,LTHP0241,Service Point Nederland BV,752.9324457059248
BU04820105,LTHP0160,Datapark Nederland  Alblasserdam,752.2556937566544
BU03960503,HTHP0025,Nuon Power Generation BV Velsen,5676.122898718876
BU05990118,HTHP0094,EON Centrale RoCa,7985.269599526117
BU03420705,LTHP0220,Interoute  Soesterberg  Soesterberg,1432.6781285764196
BU03621203,LTHP0252,Martinez Chocolade BV,768.5792590577978
BU05050107,HTHP0031,Sime Darby Unimills BV,1806.606531820306
BU05121000,HTHP0028,Promelca BV Gorinchem,1704.6316410618
BU03530014,LTHP0089,Proximedia Nederland BV,454.9625820028194
BU05990323,HTHP0075,Shell Nederland Raffinaderij BV,8071.990207714
BU04370007,LTHP0202,Colt   Duivendrecht,1603.2881350676091
BU03440625,HTHP0092,Eneco Merwedekanaal,3573.8457713985686
BU05183284,HTHP0103,WSW Capturam Geothermie,8122.259676518152
BU03440415,HTHP0092,Eneco Merwedekanaal,3177.2452886242277
BU05050103,HTHP0031,Sime Darby Unimills BV,2314.903799468193
BU05050306,HTHP0050,Chemours Netherlands BV,4859.43990557375
BU03070502,HTHP0008,biomassaketel_deIsselt,4753.457866027597
BU03440626,HTHP0022,WOS_merkesstraat,1474.4659962636215
BU05991082,HTHP0094,EON Centrale RoCa,7298.529620997436
BU05991578,HTHP0075,Shell Nederland Raffinaderij BV,10305.539292219124
BU03440951,LTHP0151,WRK III,880.4832365828789
BU03440624,HTHP0092,Eneco Merwedekanaal,3340.8994200284737
BU17830155,LTHP0222,Greenhouse Datacenters B V,100.20277503180412
BU03440232,HTHP0092,Eneco Merwedekanaal,1082.0332737099345
BU06060103,HTHP0056,Air Liquide Pergen VOF,4620.138735047407
BU03440511,HTHP0092,Eneco Merwedekanaal,3750.4754794194314
BU05990322,HTHP0075,Shell Nederland Raffinaderij BV,8227.769975764717
BU06220102,HTHP0075,Shell Nederland Raffinaderij BV,2803.470648328217
BU06060304,HTHP0078,Rijnmond Energie,3767.4741579170895
BU05031604,HTHP0039,DSM Delft Permit BV,2970.144486459679
BU03440433,HTHP0092,Eneco Merwedekanaal,3665.533841362222
BU06320103,LTHP0223,Switch Datacenters   Woerden,750.3269752331006
BU03440622,HTHP0092,Eneco Merwedekanaal,2942.4680878015956
BU05050100,HTHP0050,Chemours Netherlands BV,4467.343442262583
BU03550405,HTHP0008,biomassaketel_deIsselt,9093.99157838676
BU03440122,HTHP0085,Nuon Kanaalweg,1151.262673115008
BU03440532,HTHP0092,Eneco Merwedekanaal,4474.6346201533615
BU05051902,HTHP0031,Sime Darby Unimills BV,676.9685777946295
BU03450405,LTHP0279,Poeliersbedrijf Brinkhorst BV,680.6902365720387
BU03071706,HTHP0008,biomassaketel_deIsselt,3860.954204102199
BU03620502,HTHP0095,Nuon Power Generation BV Hemweg,9836.66488034487
BU05020223,HTHP0051,IHC Krimpen Shipyard BV,1930.0898606721148
BU05020666,HTHP0094,EON Centrale RoCa,1711.97783968708
BU03750004,HTHP0025,Nuon Power Generation BV Velsen,2123.325723609829
BU19301601,HTHP0058,Air Products Nederland BV Pernis,1959.7667522474821
BU05991574,HTHP0075,Shell Nederland Raffinaderij BV,9097.537042089501
BU05050104,HTHP0031,Sime Darby Unimills BV,1200.4860517948325
BU07180102,HTHP0060,Eastman Chemical Middelburg BV,7366.012224955631
BU05050403,HTHP0050,Chemours Netherlands BV,3954.1511438880866
BU03440224,HTHP0092,Eneco Merwedekanaal,1076.6359828765605
BU03440432,HTHP0092,Eneco Merwedekanaal,3915.8459738420506
BU06060203,HTHP0078,Rijnmond Energie,4237.494020664549
BU03440512,HTHP0092,Eneco Merwedekanaal,4111.652321671573
BU03440131,HTHP0092,Eneco Merwedekanaal,1067.7200443414295
BU03440223,HTHP0092,Eneco Merwedekanaal,1454.1192661395394
BU19610201,LTHP0102,Autoscout24 Nederland BV,558.2566375972259
BU03070107,HTHP0008,biomassaketel_deIsselt,3051.393705298376
BU05050501,HTHP0050,Chemours Netherlands BV,3678.178458962626
BU05020441,HTHP0094,EON Centrale RoCa,3437.034952332557
BU05020551,HTHP0051,IHC Krimpen Shipyard BV,3929.6865765442244
BU06420110,HTHP0050,Chemours Netherlands BV,4898.431029107693
BU06420509,HTHP0029,Ashland Industries Nederland BV,1088.1004747932311
BU06420513,HTHP0029,Ashland Industries Nederland BV,904.202547273141
BU06420601,HTHP0029,Ashland Industries Nederland BV,664.2920332434501
BU18920410,HTHP0094,EON Centrale RoCa,3399.220537921309
BU03440521,HTHP0092,Eneco Merwedekanaal,4126.176326292288
BU06420603,HTHP0029,Ashland Industries Nederland BV,1009.6466183531335
BU07150403,HTHP0064,YARA Sluiskil BV,3452.8330156074376
BU05990111,HTHP0075,Shell Nederland Raffinaderij BV,9991.06932654944
BU06220704,HTHP0075,Shell Nederland Raffinaderij BV,6264.505636457606
BU19260227,LTHP0203,Essent Kabelcom  Aagtdorp,778.3444612387207
BU05050102,HTHP0050,Chemours Netherlands BV,4156.964017997386
BU05050504,HTHP0050,Chemours Netherlands BV,2954.919361774139
BU03101002,HTHP0092,Eneco Merwedekanaal,8363.809759224258
BU06420605,HTHP0029,Ashland Industries Nederland BV,911.6836073287529
BU05990457,HTHP0088,EOn Benelux NV Galileistraat,3879.199622878398
BU05050603,HTHP0050,Chemours Netherlands BV,2213.299879243619
BU06100102,HTHP0050,Chemours Netherlands BV,837.8046228531238
BU05990321,HTHP0075,Shell Nederland Raffinaderij BV,8054.938007924099
BU03440124,HTHP0092,Eneco Merwedekanaal,1127.5169055111774
BU05051906,HTHP0031,Sime Darby Unimills BV,891.2883725406766
BU19301704,HTHP0074,Esso Nederland BV Raffinaderij Rotterdam,1344.6613131348777
BU05050109,HTHP0050,Chemours Netherlands BV,3876.146215469971
BU05050507,HTHP0050,Chemours Netherlands BV,3296.8303339831054
BU06220306,HTHP0032,Momentive Specialty Chemicals,1736.8296943441273
BU05181492,HTHP0103,WSW Capturam Geothermie,8383.417231694455
BU03072503,HTHP0007,biomassaketel_deHoef,1396.7838439213922
BU06060102,HTHP0075,Shell Nederland Raffinaderij BV,6316.607966230824
BU05050113,HTHP0050,Chemours Netherlands BV,4247.862473505586
BU19301201,HTHP0074,Esso Nederland BV Raffinaderij Rotterdam,5126.719255830803
BU03071802,LTHP0251,Nutreco Nederland BV,496.0765196198585
BU07180101,HTHP0060,Eastman Chemical Middelburg BV,7076.25552269446
BU05990452,HTHP0088,EOn Benelux NV Galileistraat,5399.726726333173
BU19301401,HTHP0047,Aluminium en Chemie Rotterdam BV,4214.468996690998
BU19300803,HTHP0074,Esso Nederland BV Raffinaderij Rotterdam,4154.4089195422075
BU19300504,HTHP0047,Aluminium en Chemie Rotterdam BV,3342.6695360772032
BU19301404,HTHP0074,Esso Nederland BV Raffinaderij Rotterdam,5168.131510892037
BU19301203,HTHP0074,Esso Nederland BV Raffinaderij Rotterdam,4443.338711413129
BU19301206,HTHP0074,Esso Nederland BV Raffinaderij Rotterdam,5632.147361870054
BU19300503,HTHP0074,Esso Nederland BV Raffinaderij Rotterdam,3324.006003650943
BU05050506,HTHP0050,Chemours Netherlands BV,3644.3116442837536
BU19041203,HTHP0093,Eneco Lage Weide,4588.718938243194
BU19301410,HTHP0074,Esso Nederland BV Raffinaderij Rotterdam,5275.072237841982
BU06060403,HTHP0075,Shell Nederland Raffinaderij BV,5347.0587975607905
BU03441032,HTHP0093,Eneco Lage Weide,4818.428708615469
BU03440621,HTHP0092,Eneco Merwedekanaal,2452.1592781165323
BU07180701,HTHP0060,Eastman Chemical Middelburg BV,5819.668202276117
BU19303102,HTHP0042,Botlek VCM Plant Shin Etsu PVC BV,5907.207460889472
BU19301301,HTHP0074,Esso Nederland BV Raffinaderij Rotterdam,5191.122718885812
BU19301101,HTHP0058,Air Products Nederland BV Pernis,4522.066024328718
BU19301202,HTHP0074,Esso Nederland BV Raffinaderij Rotterdam,4573.688164911443
BU19630999,HTHP0066,Shell Nederland Chemie BV Moerdijk,8958.744874755424
BU06220706,HTHP0005,AVR Rozenburg,7213.745923498208
BU06420410,HTHP0050,Chemours Netherlands BV,7748.962194990333
BU19300602,HTHP0074,Esso Nederland BV Raffinaderij Rotterdam,4096.6966235153295
BU19301102,HTHP0058,Air Products Nederland BV Pernis,3903.3909453210426
BU07180402,HTHP0060,Eastman Chemical Middelburg BV,5388.206347538325
BU03621402,HTHP0004,Afval Energie Bedrijf Amsterdam,11233.812479663478
BU03550303,HTHP0093,Eneco Lage Weide,9999.351349670595
BU06060904,HTHP0005,AVR Rozenburg,8218.001562780699
BU03550305,HTHP0093,Eneco Lage Weide,9780.216982675945
BU19041206,HTHP0093,Eneco Lage Weide,6100.120505532456
BU19301406,HTHP0074,Esso Nederland BV Raffinaderij Rotterdam,5319.878205400914
BU19041210,HTHP0093,Eneco Lage Weide,5582.740238205219
BU06420511,HTHP0050,Chemours Netherlands BV,6754.085440832026
BU05050302,HTHP0002,HVC Afvalcentrale Dordrecht,5601.911465501897
BU19041209,HTHP0093,Eneco Lage Weide,3826.749835769414
BU03550205,HTHP0092,Eneco Merwedekanaal,10197.693947368894
BU05050502,HTHP0002,HVC Afvalcentrale Dordrecht,3925.9325222308225
BU05010201,HTHP0044,Lyondell Chemie Nederland BV,2339.4493114585234
BU07153100,HTHP0100,Elsta BV en Co CV,2384.4944484384146
BU03270107,LTHP0300,QLIP BV,576.7690522721974
BU19041215,HTHP0093,Eneco Lage Weide,5526.941413929061
BU06220702,HTHP0005,AVR Rozenburg,6014.51842551134
BU06060402,HTHP0078,Rijnmond Energie,3954.5095701704836
BU06320203,LTHP0357,Arie Blok BV,686.211976595748
BU03830211,HTHP0003,HVC Alkmaar,8039.895355818637
BU19041204,HTHP0093,Eneco Lage Weide,3726.640710498552
BU19305001,HTHP0074,Esso Nederland BV Raffinaderij Rotterdam,6346.04433967025
BU19630500,HTHP0066,Shell Nederland Chemie BV Moerdijk,11146.428600319312
BU03071703,LTHP0251,Nutreco Nederland BV,540.4631165091741
BU19301408,HTHP0074,Esso Nederland BV Raffinaderij Rotterdam,5704.66093315107
BU07030000,LTHP0328,Roem van Yerseke BV,441.45697036555055
BU06060705,HTHP0005,AVR Rozenburg,8152.769182836178
BU19301407,HTHP0074,Esso Nederland BV Raffinaderij Rotterdam,5301.06202290411
BU04730101,LTHP0226,Interoute  Zandvoort  Zandvoort,486.69200259146504
BU06060704,HTHP0075,Shell Nederland Raffinaderij BV,6586.35576273987
BU05032204,HTHP0005,AVR Rozenburg,10430.8897537577
BU03440712,HTHP0093,Eneco Lage Weide,6619.330565447269
BU07180203,HTHP0060,Eastman Chemical Middelburg BV,6300.481139215832
BU17830410,HTHP0103,WSW Capturam Geothermie,3046.4094834199586
BU03960801,HTHP0025,Nuon Power Generation BV Velsen,4598.521718714006
BU19041207,HTHP0093,Eneco Lage Weide,5711.636321241747
BU06220801,HTHP0005,AVR Rozenburg,4521.56149537353
BU05300103,HTHP0044,Lyondell Chemie Nederland BV,9138.645684484498
BU17830505,HTHP0103,WSW Capturam Geothermie,4741.732432004044
BU05050303,HTHP0002,HVC Afvalcentrale Dordrecht,5786.003870970835
BU03070108,HTHP0007,biomassaketel_deHoef,2648.4668361067497
BU19300601,HTHP0074,Esso Nederland BV Raffinaderij Rotterdam,4206.872273430031
BU03070304,HTHP0007,biomassaketel_deHoef,4465.989886742229
BU05051900,HTHP0050,Chemours Netherlands BV,5286.116464281165
BU03450500,LTHP0132,S  Huibers Veenendaal BV,486.27375134490654
BU05050801,HTHP0002,HVC Afvalcentrale Dordrecht,5570.959085526244
BU19700000,LTHP0315,Friesland Beef BV,621.6936731922873
BU05050101,HTHP0002,HVC Afvalcentrale Dordrecht,5118.066184702087
BU06420311,HTHP0050,Chemours Netherlands BV,6206.038356191745
BU05900002,HTHP0018,Oostpolder,2583.412560372353
BU19301204,HTHP0074,Esso Nederland BV Raffinaderij Rotterdam,4576.239129614962
BU03212056,LTHP0051,RWZI   Houten,759.1120460166068
BU00590000,HTHP0099,Centrale Bergum,8993.623183003183
BU05010100,HTHP0044,Lyondell Chemie Nederland BV,4965.124519921684
BU03420103,LTHP0005,RWZI   Soest,584.5476785074741
BU05560602,HTHP0053,Abengoa Bioenergy,2753.2919018324314
BU19040804,HTHP0097,Nuon Power Generation BV Diemen,7172.939714279248
BU06320202,LTHP0358,De Truffel BV,615.5902309671925
BU03830101,HTHP0003,HVC Alkmaar,9058.902259056118
BU05300502,HTHP0044,Lyondell Chemie Nederland BV,8541.38735545707
BU05050114,HTHP0002,HVC Afvalcentrale Dordrecht,4710.478259372
BU19300901,HTHP0074,Esso Nederland BV Raffinaderij Rotterdam,4539.572787527426
BU03620901,LTHP0155,ABN AMRO Datacenter,237.93549705746278
BU06140003,HTHP0073,BP Raffinaderij Rotterdam BV,7140.561562633347
BU05992194,LTHP0401,RWZI   Dokhaven,1840.8022559178007
BU17830306,HTHP0103,WSW Capturam Geothermie,3561.0182732847843
BU04500001,HTHP0025,Nuon Power Generation BV Velsen,8066.112602080563
BU06420701,HTHP0002,HVC Afvalcentrale Dordrecht,8117.02692145942
BU04370002,HTHP0097,Nuon Power Generation BV Diemen,6789.288464811274
BU03561100,LTHP0119,RWZI   Nieuwegein,637.1718745341336
BU06540901,HTHP0072,Zeeland Refinery NV,2782.031680101272
BU03211123,LTHP0193,ITDev Solutions  Houten,434.0199034889748
BU03270109,HTHP0007,biomassaketel_deHoef,4854.160641698298
BU03211012,LTHP0193,ITDev Solutions  Houten,475.779221186611
BU03580004,LTHP0159,NLDC   Aalsmeer,261.4524619946171
BU07170900,HTHP0062,Century Aluminum Vlissingen B V,10257.749113617563
BU19301405,HTHP0074,Esso Nederland BV Raffinaderij Rotterdam,5470.822851180081
BU06770111,HTHP0064,YARA Sluiskil BV,12576.818109971617
BU07180501,HTHP0060,Eastman Chemical Middelburg BV,5089.020571517581
BU03830111,HTHP0003,HVC Alkmaar,8377.671252547001
BU06030963,HTHP0103,WSW Capturam Geothermie,7153.145022474996
BU05990456,HTHP0075,Shell Nederland Raffinaderij BV,9233.871635369964
BU19301002,HTHP0047,Aluminium en Chemie Rotterdam BV,2182.7206730366925
BU06220203,HTHP0005,AVR Rozenburg,3709.409861032157
BU06130419,HTHP0074,Esso Nederland BV Raffinaderij Rotterdam,9077.560885815568
BU03211010,LTHP0087,Telecom  Paper BV,541.7109655617222
BU03440114,HTHP0092,Eneco Merwedekanaal,1015.375732412593
BU03450100,HTHP0010,Duurzame energie installatie 1,3423.5832193926267
BU19700003,LTHP0320,Weidenaar Worst BV,589.3028236102392
BU19630001,HTHP0074,Esso Nederland BV Raffinaderij Rotterdam,9981.449698207918
BU03830511,HTHP0003,HVC Alkmaar,4886.126740457987
BU06130415,HTHP0074,Esso Nederland BV Raffinaderij Rotterdam,9276.396756735101
BU17830802,HTHP0103,WSW Capturam Geothermie,3694.992835118044
BU03440524,HTHP0092,Eneco Merwedekanaal,4224.98323803309
BU03970008,LTHP0289,Van Maanen Verkoop BV,553.8129284367191
BU03621004,LTHP0252,Martinez Chocolade BV,415.9005937153321
BU03580200,LTHP0238,Maincubes,574.100634198128
BU03750400,HTHP0025,Nuon Power Generation BV Velsen,1768.5555769448526
BU03960502,HTHP0025,Nuon Power Generation BV Velsen,5690.269758085087
BU17830405,HTHP0103,WSW Capturam Geothermie,3753.342055438893
BU05050205,HTHP0002,HVC Afvalcentrale Dordrecht,4446.028876054957
BU03212055,HTHP0082,Nuon Nieuwegein,4396.812080040797
BU05300402,HTHP0044,Lyondell Chemie Nederland BV,8062.366482014995
BU19302503,HTHP0055,Air Products Nederland BV Botlek,1697.4610633162326
BU06060405,LTHP0042,Naamloze Vennootschap Linde Gas Benelux,868.1586216754284
BU06270401,LTHP0037,W_Gemaal_983,771.3466408069837
BU05050401,HTHP0002,HVC Afvalcentrale Dordrecht,4997.279257181763
BU05992196,HTHP0056,Air Liquide Pergen VOF,2697.0299016038693
BU03350200,LTHP0303,Interbanket BV,553.0283290702819
BU03440811,HTHP0092,Eneco Merwedekanaal,3154.4669567910078
BU07180406,HTHP0062,Century Aluminum Vlissingen B V,7385.295756180324
BU03530001,HTHP0016,Biowarmte Installatie Lage Weide,9366.771067352316
BU03440212,HTHP0092,Eneco Merwedekanaal,1968.4614775714879
BU19040118,HTHP0093,Eneco Lage Weide,4736.506395703248
BU03440421,HTHP0092,Eneco Merwedekanaal,3380.4719002355337
BU03750101,HTHP0025,Nuon Power Generation BV Velsen,1788.6783355265623
BU05990843,HTHP0084,Eon Laurensplaat Delfsevaart,3013.3096027391866
BU06870000,HTHP0060,Eastman Chemical Middelburg BV,2116.622876355503
BU05181806,HTHP0103,WSW Capturam Geothermie,7250.5585995102965
BU03440627,HTHP0023,Eneco HWC Nicolaas Beetsstraat,745.5953776859315
BU19300502,HTHP0074,Esso Nederland BV Raffinaderij Rotterdam,3330.1342062354347
BU07180800,HTHP0062,Century Aluminum Vlissingen B V,680.032211094434
BU06220103,HTHP0075,Shell Nederland Raffinaderij BV,3443.299467326745
BU06220305,HTHP0032,Momentive Specialty Chemicals,2105.3975418316013
BU03070303,HTHP0007,biomassaketel_deHoef,3946.5902361331277
BU05300700,HTHP0044,Lyondell Chemie Nederland BV,9117.060846552764
BU06060607,HTHP0075,Shell Nederland Raffinaderij BV,5960.1918711597
BU04820201,HTHP0027,Nedstaal BV Ruigenhil Vastgoed BV,2618.207674976432
BU03211128,HTHP0017,Vijfwal,2531.4210461162475
BU05050106,HTHP0002,HVC Afvalcentrale Dordrecht,5281.886977380508
BU03621001,LTHP0252,Martinez Chocolade BV,666.4024782923923
BU17830402,HTHP0103,WSW Capturam Geothermie,4560.143175024707
BU19300905,HTHP0074,Esso Nederland BV Raffinaderij Rotterdam,4997.2750116606785
BU06060303,HTHP0075,Shell Nederland Raffinaderij BV,5502.4139959635995
BU03070204,HTHP0008,biomassaketel_deIsselt,3290.3282254388996
BU07370900,HTHP0099,Centrale Bergum,5737.85490235993
BU17830710,HTHP0103,WSW Capturam Geothermie,2141.252070270026
BU03750500,HTHP0025,Nuon Power Generation BV Velsen,2841.5058086347894
BU06100107,HTHP0018,Oostpolder,2601.401153864266
BU03440121,HTHP0016,Biowarmte Installatie Lage Weide,2436.698636692285
BU03450202,LTHP0018,Aanholt Supermarkt BV,887.9406583166735
BU07180103,HTHP0060,Eastman Chemical Middelburg BV,6843.980646759099
BU03070104,HTHP0080,gas WKK eneco,5108.870632648245
BU03211121,HTHP0093,Eneco Lage Weide,10097.00241109659
BU03440525,HTHP0085,Nuon Kanaalweg,2002.6063079589003
BU03071003,HTHP0080,gas WKK eneco,4104.293227570767
BU03211014,HTHP0093,Eneco Lage Weide,9608.895107529936
BU03071801,LTHP0251,Nutreco Nederland BV,472.8604020538397
BU05010005,HTHP0053,Abengoa Bioenergy,4103.8698153483065
BU06130414,HTHP0074,Esso Nederland BV Raffinaderij Rotterdam,8517.087735103563
BU03071700,HTHP0007,biomassaketel_deHoef,3820.9530791983448
BU06220602,HTHP0075,Shell Nederland Raffinaderij BV,5190.573918372882
BU03440132,HTHP0093,Eneco Lage Weide,877.5092951518589
BU05050404,HTHP0002,HVC Afvalcentrale Dordrecht,4368.268972516387
BU06060605,HTHP0075,Shell Nederland Raffinaderij BV,6567.827933490416
BU03440332,HTHP0093,Eneco Lage Weide,2596.0070888576947
BU06130417,HTHP0074,Esso Nederland BV Raffinaderij Rotterdam,8939.71132888574
BU17141100,HTHP0098,Sloe Centrale BV Vlissingen,8934.968217205422
BU19300104,HTHP0074,Esso Nederland BV Raffinaderij Rotterdam,3442.1008005988756
BU07180401,HTHP0060,Eastman Chemical Middelburg BV,5930.324848190517
BU00590200,HTHP0099,Centrale Bergum,9779.843303941261
BU05010200,HTHP0044,Lyondell Chemie Nederland BV,2172.476691827261
BU05051010,HTHP0002,HVC Afvalcentrale Dordrecht,4557.972231070665
BU07155500,HTHP0061,Cargill Benelux BV,563.1727711112119
BU19040216,HTHP0093,Eneco Lage Weide,9211.871184224268
BU17830404,HTHP0103,WSW Capturam Geothermie,3865.744711784302
BU05050301,HTHP0002,HVC Afvalcentrale Dordrecht,5960.1039393370675
BU07360103,LTHP0272,Smit   Dorlas Koffiebranders BV,937.1007593816421
BU03750501,HTHP0025,Nuon Power Generation BV Velsen,2365.865217100444
BU19630006,HTHP0074,Esso Nederland BV Raffinaderij Rotterdam,8850.352559520745
BU03560400,HTHP0093,Eneco Lage Weide,6452.615284596249
BU03440722,HTHP0016,Biowarmte Installatie Lage Weide,4873.825983004746
BU05181840,HTHP0103,WSW Capturam Geothermie,7644.943215534153
BU03830201,HTHP0025,Nuon Power Generation BV Velsen,8913.876383432374
BU06060202,HTHP0075,Shell Nederland Raffinaderij BV,5752.548105850821
BU03072508,HTHP0007,biomassaketel_deHoef,1362.3710001494794
BU19630700,HTHP0066,Shell Nederland Chemie BV Moerdijk,6430.734121019722
BU06870409,HTHP0062,Century Aluminum Vlissingen B V,3241.2166549071694
BU06030854,HTHP0103,WSW Capturam Geothermie,7600.137330430913
BU06100108,HTHP0018,Oostpolder,2676.1793531765325
BU06060404,HTHP0033,Shell Nederland Chemie BV Pernis,3371.4496260179076
BU19040115,HTHP0093,Eneco Lage Weide,5428.227441954065
BU03440523,HTHP0016,Biowarmte Installatie Lage Weide,5053.595043876297
BU05181795,HTHP0103,WSW Capturam Geothermie,6916.016038629745
BU05050111,HTHP0002,HVC Afvalcentrale Dordrecht,5437.736508044061
BU06060703,HTHP0075,Shell Nederland Raffinaderij BV,6131.846407172811
BU06060000,HTHP0075,Shell Nederland Raffinaderij BV,6023.905476003488
BU06270408,LTHP0037,W_Gemaal_983,900.5379266297439
BU06640105,LTHP0188,Alticom Goes,460.3964710842456
BU03071101,LTHP0164,Tele2  POP   Amersfoort  Amersfoort,832.7674094544534
BU19302501,HTHP0055,Air Products Nederland BV Botlek,1998.5345057618651
BU06060902,HTHP0005,AVR Rozenburg,7761.294626727719
BU03071302,HTHP0080,gas WKK eneco,5197.763105299965
BU19040117,HTHP0093,Eneco Lage Weide,3741.861918566751
BU05050702,HTHP0002,HVC Afvalcentrale Dordrecht,6683.327417521009
BU06060706,HTHP0005,AVR Rozenburg,8378.6494987155
BU06060305,HTHP0075,Shell Nederland Raffinaderij BV,5468.260784172564
BU05050508,HTHP0002,HVC Afvalcentrale Dordrecht,4052.517257074977
BU03071701,LTHP0251,Nutreco Nederland BV,525.6507615953134
BU07180207,HTHP0060,Eastman Chemical Middelburg BV,5864.189392749592
BU04820501,LTHP0160,Datapark Nederland  Alblasserdam,573.547142140728
BU19041212,LTHP0221,Eurofiber   Eurofiber Datacenter Utrecht,663.3312716591995
BU03960900,HTHP0025,Nuon Power Generation BV Velsen,4138.4016146493595
BU03530006,HTHP0093,Eneco Lage Weide,8918.055350516179
BU03620805,LTHP0155,ABN AMRO Datacenter,832.3503716694656
BU19630005,HTHP0074,Esso Nederland BV Raffinaderij Rotterdam,8759.89373603275
BU05010003,HTHP0053,Abengoa Bioenergy,3614.5761684348204
BU06420114,HTHP0002,HVC Afvalcentrale Dordrecht,6816.436702647924
BU03071704,LTHP0251,Nutreco Nederland BV,687.853072322043
BU07151002,HTHP0059,Trinseo Netherlands,3493.167994283137
BU05181481,HTHP0076,EOn Centrale Den Haag,3032.615235109974
BU03440311,HTHP0093,Eneco Lage Weide,3281.444436804486
BU05050108,HTHP0002,HVC Afvalcentrale Dordrecht,4767.328055183605
BU06130205,HTHP0074,Esso Nederland BV Raffinaderij Rotterdam,8711.447852686546
BU19040106,HTHP0093,Eneco Lage Weide,4866.899455178723
BU03620902,LTHP0155,ABN AMRO Datacenter,631.9138571295682
BU19631200,HTHP0058,Air Products Nederland BV Pernis,8754.164095145201
BU06220502,HTHP0032,Momentive Specialty Chemicals,3205.087630311312
BU03100702,HTHP0093,Eneco Lage Weide,9238.868265510377
BU05050904,HTHP0002,HVC Afvalcentrale Dordrecht,5495.9793567348825
BU03960601,HTHP0025,Nuon Power Generation BV Velsen,5836.841405851619
BU03450101,HTHP0102,Boxal Netherlands BV,1707.7564173548537
BU05130204,LTHP0047,RWZI   Gouda,952.3685026194818
BU03070305,LTHP0250,First Master Food Manufactory BV,451.6554297547424
BU05120900,HTHP0028,Promelca BV Gorinchem,1434.294356114148
BU05050110,HTHP0002,HVC Afvalcentrale Dordrecht,5337.385706393467
BU06060707,HTHP0005,AVR Rozenburg,7875.716382498089
BU07180209,HTHP0060,Eastman Chemical Middelburg BV,6860.521736722049
BU07180500,HTHP0060,Eastman Chemical Middelburg BV,4613.254906913046
BU03450402,HTHP0011,Duurzame energie installatie 1 Dwarsweg,4208.5880877378795
BU05560202,HTHP0070,Koch HC Partnership BV,3156.3298867976323
BU19301205,HTHP0074,Esso Nederland BV Raffinaderij Rotterdam,5004.974475162209
BU06220403,HTHP0032,Momentive Specialty Chemicals,1947.7680054086015
BU19610004,LTHP0345,Choco Support BV,1705.8222420065426
BU07180204,HTHP0098,Sloe Centrale BV Vlissingen,9462.20249157017
BU05560303,HTHP0041,Tronox Pigments Holland BV,2735.6092606281723
BU03440412,HTHP0093,Eneco Lage Weide,2832.9523828410515
BU07151900,HTHP0064,YARA Sluiskil BV,4363.000828221876
BU19300801,HTHP0047,Aluminium en Chemie Rotterdam BV,3479.239465931422
BU03750202,HTHP0025,Nuon Power Generation BV Velsen,2799.174622244443
BU07360104,LTHP0272,Smit   Dorlas Koffiebranders BV,785.8380287758002
BU03270500,LTHP0300,QLIP BV,775.7947399377618
BU07180502,HTHP0060,Eastman Chemical Middelburg BV,3804.8436238044173
BU05050510,HTHP0002,HVC Afvalcentrale Dordrecht,3564.794330042479
BU07157600,HTHP0061,Cargill Benelux BV,2876.572828379972
BU19630003,HTHP0074,Esso Nederland BV Raffinaderij Rotterdam,9398.342945155855
BU03620401,LTHP0155,ABN AMRO Datacenter,812.4281041638706
BU06100301,HTHP0001,DRSH Zuiveringsslib N V,3504.440604653603
BU06870301,HTHP0060,Eastman Chemical Middelburg BV,1276.3494594828242
BU03440832,HTHP0016,Biowarmte Installatie Lage Weide,3098.185480297463
BU06220604,HTHP0075,Shell Nederland Raffinaderij BV,6017.017118886466
BU06060602,HTHP0075,Shell Nederland Raffinaderij BV,5052.554196952753
BU19301503,HTHP0074,Esso Nederland BV Raffinaderij Rotterdam,5792.467490222351
BU19300101,LTHP0035,W_Gemaal_1194,357.63052446743
BU03620701,HTHP0097,Nuon Power Generation BV Diemen,9242.64566307095
BU06220703,HTHP0005,AVR Rozenburg,6194.3198448924295
BU07150702,HTHP0059,Trinseo Netherlands,4765.59633055819
BU17830113,HTHP0103,WSW Capturam Geothermie,519.6311174614415
BU19240401,HTHP0054,Suiker Unie Dinteloord,9449.506965126666
BU03440831,HTHP0016,Biowarmte Installatie Lage Weide,4087.3262874236016
BU06060401,HTHP0075,Shell Nederland Raffinaderij BV,5701.605218013349
BU03550206,HTHP0093,Eneco Lage Weide,10363.868645016055
BU05992295,LTHP0121,RWZI   Hoogvliet,1782.0732211346492
BU07151003,HTHP0059,Trinseo Netherlands,4278.276025223764
BU04500004,HTHP0025,Nuon Power Generation BV Velsen,7886.966766949443
BU07180503,HTHP0060,Eastman Chemical Middelburg BV,3913.4064821043416
BU03620803,LTHP0155,ABN AMRO Datacenter,687.654064796826
BU06870300,HTHP0062,Century Aluminum Vlissingen B V,6425.010576613914
BU19302502,HTHP0055,Air Products Nederland BV Botlek,2239.132244985053
BU04895074,HTHP0051,IHC Krimpen Shipyard BV,5640.335938631935
BU04730107,LTHP0226,Interoute  Zandvoort  Zandvoort,456.4799067994424
BU17830504,HTHP0103,WSW Capturam Geothermie,5287.831294262015
BU07180100,HTHP0060,Eastman Chemical Middelburg BV,7272.554757758083
BU06220101,HTHP0005,AVR Rozenburg,4143.930607200964
BU03440233,HTHP0093,Eneco Lage Weide,1299.5750893197187
BU03440221,HTHP0093,Eneco Lage Weide,2472.348058800922
BU06130311,HTHP0074,Esso Nederland BV Raffinaderij Rotterdam,7385.400395367443
BU03620101,HTHP0095,Nuon Power Generation BV Hemweg,9809.269958601866
BU03440112,HTHP0016,Biowarmte Installatie Lage Weide,1936.994896766379
BU03270102,LTHP0300,QLIP BV,753.0984753353927
BU05050601,HTHP0002,HVC Afvalcentrale Dordrecht,2249.3465149903973
BU03620201,HTHP0095,Nuon Power Generation BV Hemweg,10116.950333019691
BU19630004,HTHP0074,Esso Nederland BV Raffinaderij Rotterdam,9710.01193482694
BU05051913,HTHP0002,HVC Afvalcentrale Dordrecht,6949.860793524558
BU03620102,HTHP0095,Nuon Power Generation BV Hemweg,9789.416451661711
BU07160200,LTHP0342,Katjang Pedis P C I  BV,1010.1550897476781
BU19300701,HTHP0047,Aluminium en Chemie Rotterdam BV,3597.5617510444677
BU05560201,HTHP0005,AVR Rozenburg,3338.6760742279357
BU07156400,HTHP0064,YARA Sluiskil BV,1394.5126502547312
BU06220603,HTHP0075,Shell Nederland Raffinaderij BV,5638.126370254467
BU05050400,HTHP0002,HVC Afvalcentrale Dordrecht,5067.067847020175
BU18920402,HTHP0094,EON Centrale RoCa,4421.140666808643
BU05181894,HTHP0103,WSW Capturam Geothermie,7690.683783457285
BU03550401,LTHP0367,H J  Heinz BV,882.8174544960901
BU05050600,HTHP0018,Oostpolder,2549.5910427317467
BU03071803,LTHP0251,Nutreco Nederland BV,914.80547724647
BU17141000,LTHP0340,Confiserie Napoleon BV,1213.7521959715118
BU03750303,HTHP0025,Nuon Power Generation BV Velsen,2738.6136789692923
BU05181786,HTHP0103,WSW Capturam Geothermie,7158.749253679895
BU06870209,HTHP0060,Eastman Chemical Middelburg BV,3857.7811774712
BU03770003,HTHP0025,Nuon Power Generation BV Velsen,6520.846291021563
BU06420505,HTHP0002,HVC Afvalcentrale Dordrecht,6632.437937792701
BU06320402,LTHP0358,De Truffel BV,1150.5816534048604
BU05183387,HTHP0103,WSW Capturam Geothermie,6346.114485402925
BU07180302,HTHP0060,Eastman Chemical Middelburg BV,8161.690396191547
BU19700004,LTHP0314,Fortuin Dockum BV,90.44735800080413
BU05050800,HTHP0002,HVC Afvalcentrale Dordrecht,5828.526470446071
BU05050505,HTHP0002,HVC Afvalcentrale Dordrecht,3362.5653943288394
BU03120000,LTHP0264,Vrumona BV,630.7354174707098
BU06220204,HTHP0005,AVR Rozenburg,3268.7368866340776
BU17830201,HTHP0103,WSW Capturam Geothermie,1694.6597883759596
BU06220201,HTHP0005,AVR Rozenburg,2791.6798431498496
BU03440823,HTHP0016,Biowarmte Installatie Lage Weide,3148.8772596735753
BU19041202,LTHP0221,Eurofiber   Eurofiber Datacenter Utrecht,752.5507541759881
BU03620303,LTHP0154,ABN AMRO Datacenter,391.66982971473107
BU19041213,LTHP0221,Eurofiber   Eurofiber Datacenter Utrecht,259.2602553994214
BU07160300,LTHP0343,Lion Foods BV,595.4162340519865
BU07157900,HTHP0064,YARA Sluiskil BV,5774.935836297415
BU06060603,HTHP0075,Shell Nederland Raffinaderij BV,6151.442064291514
BU03960702,HTHP0025,Nuon Power Generation BV Velsen,4519.326524480398
BU06320104,LTHP0103,Netrex NL BV,1037.3272675990277
BU19300202,HTHP0047,Aluminium en Chemie Rotterdam BV,2288.5141880631277
BU06060201,HTHP0075,Shell Nederland Raffinaderij BV,6048.227303906695
BU05050604,HTHP0002,HVC Afvalcentrale Dordrecht,1787.9779545130195
BU06060702,HTHP0075,Shell Nederland Raffinaderij BV,5720.79252252411
BU06060105,HTHP0075,Shell Nederland Raffinaderij BV,7043.520465803758
BU03072501,LTHP0164,Tele2  POP   Amersfoort  Amersfoort,527.8268609581456
BU03440241,HTHP0093,Eneco Lage Weide,1864.6501800080637
BU03560500,HTHP0016,Biowarmte Installatie Lage Weide,8782.107467601418
BU03620604,LTHP0155,ABN AMRO Datacenter,456.44323086166037
BU05560203,HTHP0070,Koch HC Partnership BV,3222.3063063346563
BU06420111,HTHP0002,HVC Afvalcentrale Dordrecht,5972.365638820508
BU03750700,HTHP0025,Nuon Power Generation BV Velsen,3583.0012337633825
BU06220501,HTHP0075,Shell Nederland Raffinaderij BV,4834.744026811634
BU05183480,HTHP0103,WSW Capturam Geothermie,7128.710145988294
BU07151005,HTHP0059,Trinseo Netherlands,3909.5629055747804
BU05992459,HTHP0005,AVR Rozenburg,10260.893714328255
BU19300106,HTHP0047,Aluminium en Chemie Rotterdam BV,3094.494248296823
BU07360701,HTHP0097,Nuon Power Generation BV Diemen,7684.18737274069
BU16760001,LTHP0338,Zeelandia H J  Doeleman BV,749.9301658309245
BU17830712,HTHP0103,WSW Capturam Geothermie,2384.428138505792
BU05050503,HTHP0002,HVC Afvalcentrale Dordrecht,3868.4280300813452
BU03440413,HTHP0024,Eneco HWC Overvecht,1261.907064498572
BU03621104,LTHP0252,Martinez Chocolade BV,266.2172603817065
BU19040110,HTHP0093,Eneco Lage Weide,4645.9379585080715
BU07370309,HTHP0006,FrieslandCampina Leeuwarden,7382.2793483405185
BU03450200,HTHP0102,Boxal Netherlands BV,1593.007506680596
BU06220307,HTHP0075,Shell Nederland Raffinaderij BV,2249.45207033822
BU19310008,HTHP0002,HVC Afvalcentrale Dordrecht,9881.094331213635
BU03750703,HTHP0025,Nuon Power Generation BV Velsen,3052.9742022464507
BU03450205,HTHP0011,Duurzame energie installatie 1 Dwarsweg,4751.953289555469
BU03550403,LTHP0367,H J  Heinz BV,837.9554534983146
BU03530013,HTHP0082,Nuon Nieuwegein,2461.9234875626403
BU03750301,HTHP0025,Nuon Power Generation BV Velsen,2485.8963439488903
BU03450505,HTHP0011,Duurzame energie installatie 1 Dwarsweg,5183.260356034745
BU06220402,HTHP0075,Shell Nederland Raffinaderij BV,3334.1625720356005
BU05050608,HTHP0002,HVC Afvalcentrale Dordrecht,882.8030358106109
BU05300005,HTHP0044,Lyondell Chemie Nederland BV,9631.57264199316
BU05122100,HTHP0028,Promelca BV Gorinchem,2413.958415081232
BU07180201,HTHP0060,Eastman Chemical Middelburg BV,7135.013239859495
BU19300501,HTHP0074,Esso Nederland BV Raffinaderij Rotterdam,3520.114945192607
BU05300800,HTHP0044,Lyondell Chemie Nederland BV,7010.835872060902
BU07180505,HTHP0098,Sloe Centrale BV Vlissingen,6278.242420631093
BU05051001,HTHP0002,HVC Afvalcentrale Dordrecht,2613.955537142715
BU06030961,HTHP0103,WSW Capturam Geothermie,7474.1405204799585
BU15810107,LTHP0006,RWZI   Driebergen,941.2923041532476
BU07150402,HTHP0059,Trinseo Netherlands,2346.2138934336876
BU03211120,HTHP0016,Biowarmte Installatie Lage Weide,10021.679963560466
BU05992704,HTHP0090,Eurogen CV,2152.60427650332
BU19300703,HTHP0074,Esso Nederland BV Raffinaderij Rotterdam,4556.848880405108
BU03770100,HTHP0025,Nuon Power Generation BV Velsen,9086.915151878673
BU03562100,HTHP0093,Eneco Lage Weide,8098.345980008551
BU05300102,HTHP0055,Air Products Nederland BV Botlek,9238.37832188335
BU19240702,LTHP0029,W_Gemaal_1269,613.0349227379444
BU06420201,HTHP0002,HVC Afvalcentrale Dordrecht,5606.45451469048
BU06870100,HTHP0062,Century Aluminum Vlissingen B V,8737.462112895486
BU03970000,LTHP0289,Van Maanen Verkoop BV,239.57472023909799
BU06220606,HTHP0075,Shell Nederland Raffinaderij BV,5596.730656522342
BU06270402,LTHP0037,W_Gemaal_983,448.61857600385235
BU03450400,HTHP0102,Boxal Netherlands BV,422.9144048436315
BU03560600,HTHP0093,Eneco Lage Weide,6156.6733695725015
BU07180700,HTHP0060,Eastman Chemical Middelburg BV,6195.20008833529
BU03100802,HTHP0093,Eneco Lage Weide,7979.214524577117
BU17830801,HTHP0103,WSW Capturam Geothermie,3260.2130785398695
BU07360101,LTHP0272,Smit   Dorlas Koffiebranders BV,367.4049527210568
BU03550302,LTHP0111,RWZI   Zeist,780.0354075906106
BU03770002,HTHP0025,Nuon Power Generation BV Velsen,7119.131074929417
BU17830111,HTHP0103,WSW Capturam Geothermie,533.4431287292779
BU17830902,HTHP0103,WSW Capturam Geothermie,3659.7508737568146
BU04820102,HTHP0027,Nedstaal BV Ruigenhil Vastgoed BV,1002.8202918822201
BU19240204,LTHP0023,W_Gemaal_1602,1266.2658675648686
BU19300804,HTHP0074,Esso Nederland BV Raffinaderij Rotterdam,4232.6414453021
BU05050405,HTHP0002,HVC Afvalcentrale Dordrecht,4981.091015563265
BU04820503,HTHP0027,Nedstaal BV Ruigenhil Vastgoed BV,810.0550352536263
BU05560405,HTHP0070,Koch HC Partnership BV,1945.0456434749487
BU06420310,HTHP0002,HVC Afvalcentrale Dordrecht,7202.7333596626695
BU03960303,HTHP0025,Nuon Power Generation BV Velsen,4454.234366959213
BU06060802,HTHP0075,Shell Nederland Raffinaderij BV,7534.01859575894
BU05050200,HTHP0002,HVC Afvalcentrale Dordrecht,4489.777158228133
BU06060901,HTHP0075,Shell Nederland Raffinaderij BV,6877.098178747815
BU06060608,HTHP0075,Shell Nederland Raffinaderij BV,5336.44318610809
BU03970003,LTHP0289,Van Maanen Verkoop BV,483.05117664291254
BU05300104,HTHP0055,Air Products Nederland BV Botlek,9569.045074963797
BU03530007,HTHP0093,Eneco Lage Weide,8583.869395609054
BU03101001,HTHP0093,Eneco Lage Weide,7724.473991504249
BU03072500,LTHP0164,Tele2  POP   Amersfoort  Amersfoort,717.8093928948633
BU03440422,HTHP0093,Eneco Lage Weide,4507.5059182063305
BU03440721,HTHP0093,Eneco Lage Weide,4813.674024804576
BU05130201,LTHP0047,RWZI   Gouda,793.4060914296596
BU05050901,HTHP0002,HVC Afvalcentrale Dordrecht,4980.316583111389
BU05300500,HTHP0044,Lyondell Chemie Nederland BV,8942.042299440887
BU06060306,HTHP0075,Shell Nederland Raffinaderij BV,5460.8837794428355
BU05560301,HTHP0041,Tronox Pigments Holland BV,2444.575843438478
BU03960700,HTHP0025,Nuon Power Generation BV Velsen,4676.681227774642
BU05130200,LTHP0047,RWZI   Gouda,840.1194171915749
BU03620304,LTHP0154,ABN AMRO Datacenter,661.7500882383729
BU06420109,HTHP0002,HVC Afvalcentrale Dordrecht,5434.165128868167
BU03750000,HTHP0025,Nuon Power Generation BV Velsen,2319.672379703552
BU05991573,HTHP0075,Shell Nederland Raffinaderij BV,10608.963696320938
BU05130203,LTHP0047,RWZI   Gouda,201.811840301655
BU05059800,HTHP0001,DRSH Zuiveringsslib N V,4620.827883852811
BU03770001,HTHP0025,Nuon Power Generation BV Velsen,7075.14432696048
BU05051911,HTHP0002,HVC Afvalcentrale Dordrecht,7581.625474472662
BU06420302,HTHP0002,HVC Afvalcentrale Dordrecht,6998.968947672726
BU05560101,HTHP0041,Tronox Pigments Holland BV,2344.191293636677
BU05300101,HTHP0044,Lyondell Chemie Nederland BV,9612.228012060334
BU06270302,LTHP0003,RWZI   Waddinxveen Randenburg,771.0501352114122
BU18920406,HTHP0094,EON Centrale RoCa,5319.980541963235
BU03770000,HTHP0025,Nuon Power Generation BV Velsen,7689.405082865819
BU19630050,HTHP0075,Shell Nederland Raffinaderij BV,9104.567199047999
BU05050605,HTHP0002,HVC Afvalcentrale Dordrecht,1290.3800133141133
BU04820307,HTHP0002,HVC Afvalcentrale Dordrecht,8366.960760863145
BU03420706,HTHP0008,biomassaketel_deIsselt,4219.998906728833
BU17830105,HTHP0103,WSW Capturam Geothermie,1320.5859633843033
BU07170000,HTHP0060,Eastman Chemical Middelburg BV,6047.783426633862
BU05010002,HTHP0053,Abengoa Bioenergy,4184.446921798973
BU03070102,HTHP0007,biomassaketel_deHoef,3047.3752165783158
BU05990451,HTHP0075,Shell Nederland Raffinaderij BV,8983.367102354734
BU05032510,HTHP0039,DSM Delft Permit BV,3453.0107754669116
BU05991702,HTHP0043,Archer Daniels Midland Europoort BV ADM,2733.4552764894597
BU06870101,HTHP0062,Century Aluminum Vlissingen B V,8098.244951768099
BU05183396,HTHP0103,WSW Capturam Geothermie,6081.521826488233
BU05300701,HTHP0055,Air Products Nederland BV Botlek,9498.567682838955
BU07150701,HTHP0064,YARA Sluiskil BV,3781.643487198171
BU06100208,HTHP0001,DRSH Zuiveringsslib N V,2787.4977306786277
BU06270303,LTHP0003,RWZI   Waddinxveen Randenburg,744.6145682565896
BU19040109,HTHP0093,Eneco Lage Weide,5270.36726577655
BU06100203,HTHP0001,DRSH Zuiveringsslib N V,2065.4894405090713
BU03440211,HTHP0093,Eneco Lage Weide,2606.042490924997
BU07180303,HTHP0060,Eastman Chemical Middelburg BV,7048.047707341435
BU03750100,HTHP0025,Nuon Power Generation BV Velsen,1343.9303569721974
BU06060801,HTHP0084,Eon Laurensplaat Delfsevaart,4989.745422401696
BU17830502,HTHP0103,WSW Capturam Geothermie,4814.590435995048
BU06270304,LTHP0003,RWZI   Waddinxveen Randenburg,471.17810012103376
BU05560501,HTHP0035,ExxonMobil Chemical Holland BV ROP van RPI,3246.2192762786467
BU06420207,HTHP0002,HVC Afvalcentrale Dordrecht,6412.708375942104
BU06060309,HTHP0033,Shell Nederland Chemie BV Pernis,3136.3883604581147
BU05051901,HTHP0050,Chemours Netherlands BV,5905.601504321243
BU03750601,HTHP0025,Nuon Power Generation BV Velsen,3253.9508397980153
BU05991391,HTHP0074,Esso Nederland BV Raffinaderij Rotterdam,6562.443388934724
BU05050112,HTHP0002,HVC Afvalcentrale Dordrecht,4993.3757472548095
BU03100801,HTHP0093,Eneco Lage Weide,8617.606475134753
BU17830207,HTHP0103,WSW Capturam Geothermie,1525.5842547581317
BU17830905,HTHP0103,WSW Capturam Geothermie,3348.8646368701566
BU03550404,HTHP0023,Eneco HWC Nicolaas Beetsstraat,9803.547628608509
BU17831001,HTHP0103,WSW Capturam Geothermie,5633.243124695261
BU16760000,LTHP0336,Zeelandia H J  Doeleman BV,57.03087297950221
BU03970002,LTHP0289,Van Maanen Verkoop BV,827.0427055755939
BU03440723,HTHP0093,Eneco Lage Weide,5315.476786481703
BU03620601,HTHP0097,Nuon Power Generation BV Diemen,10114.802111634795
BU05051916,HTHP0002,HVC Afvalcentrale Dordrecht,8360.564686171128
BU06320101,LTHP0103,Netrex NL BV,277.3130298518703
BU05050704,HTHP0002,HVC Afvalcentrale Dordrecht,6405.64577690319
BU19610003,LTHP0345,Choco Support BV,955.5964816438747
BU06870102,HTHP0060,Eastman Chemical Middelburg BV,1829.3651054936029
BU05991853,HTHP0005,AVR Rozenburg,10495.05793465012
BU17830606,HTHP0103,WSW Capturam Geothermie,4860.051289895949
BU03580001,LTHP0159,NLDC   Aalsmeer,875.2482699097923
BU03440133,HTHP0093,Eneco Lage Weide,1603.662232677526
BU05560401,HTHP0005,AVR Rozenburg,3486.9430605250254
BU03440333,HTHP0093,Eneco Lage Weide,2814.24475273763
BU05050305,HTHP0001,DRSH Zuiveringsslib N V,5628.07187487043
BU06640102,LTHP0186,Bunker Kloetinge  Goes,520.2839280022803
BU07180300,HTHP0060,Eastman Chemical Middelburg BV,7267.601706569557
BU03830001,HTHP0025,Nuon Power Generation BV Velsen,8710.962747508462
BU04500005,HTHP0003,HVC Alkmaar,8925.738335080441
BU03440732,HTHP0093,Eneco Lage Weide,5312.969578716193
BU07151004,HTHP0059,Trinseo Netherlands,3280.988869980767
BU06320102,LTHP0357,Arie Blok BV,442.0310513582953
BU19040111,LTHP0221,Eurofiber   Eurofiber Datacenter Utrecht,364.54634306329837
BU05183398,HTHP0103,WSW Capturam Geothermie,5870.272379324635
BU04370001,HTHP0097,Nuon Power Generation BV Diemen,5720.042194664961
BU03420802,LTHP0220,Interoute  Soesterberg  Soesterberg,1266.842336755098
BU03750800,HTHP0036,Tata Steel IJmuiden BV,1746.3289015324167
BU03560100,HTHP0093,Eneco Lage Weide,7684.809819621688
BU03770101,HTHP0025,Nuon Power Generation BV Velsen,8450.4640938913
BU03450401,LTHP0020,Hoogvliet BV,367.413888939076
BU17830602,HTHP0103,WSW Capturam Geothermie,5385.229241706549
BU03960501,HTHP0025,Nuon Power Generation BV Velsen,5431.043373847511
BU03750201,HTHP0025,Nuon Power Generation BV Velsen,2495.3433679206632
BU03750002,HTHP0025,Nuon Power Generation BV Velsen,2026.892687175479
BU06060500,HTHP0075,Shell Nederland Raffinaderij BV,6023.931381214257
BU07150704,HTHP0059,Trinseo Netherlands,3890.2870417316676
BU19300103,HTHP0057,ExxonMobil Chemical Holland BV RAP,3065.465601433999
BU19700006,LTHP0314,Fortuin Dockum BV,923.2239369682363
BU06220202,HTHP0005,AVR Rozenburg,3148.686001000867
BU05050202,HTHP0001,DRSH Zuiveringsslib N V,4051.856205190097
BU03960800,HTHP0025,Nuon Power Generation BV Velsen,5205.4556606062215
BU03420804,LTHP0220,Interoute  Soesterberg  Soesterberg,779.0644293496148
BU05992306,HTHP0034,ExxonMobil Chemical Holland BV RPP van RPI,745.6637585801919
BU03960200,HTHP0025,Nuon Power Generation BV Velsen,4602.92535515373
BU03750302,HTHP0025,Nuon Power Generation BV Velsen,2870.3604895376643
BU19040213,LTHP0101,Planmen Nederland BV,828.92883798538
BU03750003,HTHP0025,Nuon Power Generation BV Velsen,2440.6326324898373
BU03211122,LTHP0087,Telecom  Paper BV,151.71407439873133
BU17830507,HTHP0103,WSW Capturam Geothermie,5181.922676537439
BU07180208,HTHP0060,Eastman Chemical Middelburg BV,7696.1096120071
BU03750600,HTHP0025,Nuon Power Generation BV Velsen,3737.670804963492
BU15810108,LTHP0006,RWZI   Driebergen,1057.3893697125418
BU07180202,HTHP0060,Eastman Chemical Middelburg BV,6577.251920879541
BU05050204,HTHP0001,DRSH Zuiveringsslib N V,4129.798132320982
BU03440222,HTHP0093,Eneco Lage Weide,2029.6775265394797
BU05020112,HTHP0051,IHC Krimpen Shipyard BV,939.248361003505
BU03440111,HTHP0093,Eneco Lage Weide,2548.403963701725
BU07150101,HTHP0059,Trinseo Netherlands,2502.807362426948
BU05560601,HTHP0053,Abengoa Bioenergy,3500.0881914112933
BU03750001,HTHP0025,Nuon Power Generation BV Velsen,1942.2449338642548
BU15810104,LTHP0367,H J  Heinz BV,689.2904134785919
BU05560701,HTHP0005,AVR Rozenburg,2267.2091939193947
BU03620903,LTHP0155,ABN AMRO Datacenter,718.504255478608
BU05120700,HTHP0028,Promelca BV Gorinchem,630.1930206992108
BU19040107,HTHP0093,Eneco Lage Weide,5286.37110428788
BU03450003,HTHP0011,Duurzame energie installatie 1 Dwarsweg,4719.917023657953
BU19040112,HTHP0093,Eneco Lage Weide,4862.378934994552
BU17830601,HTHP0103,WSW Capturam Geothermie,5126.700108180633
BU06060606,HTHP0075,Shell Nederland Raffinaderij BV,6404.670990381934
BU07150705,HTHP0064,YARA Sluiskil BV,3767.6910261791973
BU06320106,LTHP0357,Arie Blok BV,733.7868693919356
BU19300301,HTHP0047,Aluminium en Chemie Rotterdam BV,1663.6275951401203
BU06870200,HTHP0062,Century Aluminum Vlissingen B V,7640.4511040818625
BU03750005,HTHP0025,Nuon Power Generation BV Velsen,2551.0124315059384
BU05010000,HTHP0053,Abengoa Bioenergy,2843.8954628276792
BU06060307,HTHP0057,ExxonMobil Chemical Holland BV RAP,7880.566534572294
BU05991703,HTHP0071,Gunvor Petroleum Rotterdam BV GPR,2601.375297130346
BU05560402,HTHP0041,Tronox Pigments Holland BV,3704.329296572337
BU06220104,HTHP0032,Momentive Specialty Chemicals,3077.8058457992547
BU03550402,LTHP0367,H J  Heinz BV,1010.398223957072
BU06220503,HTHP0005,AVR Rozenburg,5746.626463540724
BU18910208,HTHP0099,Centrale Bergum,6331.212376085196
BU05181591,HTHP0103,WSW Capturam Geothermie,8851.021249423871
BU05991699,HTHP0074,Esso Nederland BV Raffinaderij Rotterdam,5141.214075186244
BU05050304,HTHP0001,DRSH Zuiveringsslib N V,5888.107446199526
BU07150703,HTHP0064,YARA Sluiskil BV,4393.287936522887
BU05310204,HTHP0002,HVC Afvalcentrale Dordrecht,7945.507812121938
BU17830711,HTHP0103,WSW Capturam Geothermie,1654.3125882675695
BU03960302,HTHP0025,Nuon Power Generation BV Velsen,4074.23314040891
BU03620602,HTHP0097,Nuon Power Generation BV Diemen,10241.421250192148
BU17830211,HTHP0103,WSW Capturam Geothermie,2047.4800219308552
BU06770110,LTHP0293,Banketbakkerij R  de Cock BV,787.8817690897977
BU05183399,HTHP0103,WSW Capturam Geothermie,4981.048340872116
BU06320302,LTHP0104,Pincode Telenet BV,339.58600632178684
BU03620702,HTHP0097,Nuon Power Generation BV Diemen,9712.445763612499
BU03440526,HTHP0093,Eneco Lage Weide,6488.597560871477
BU03970007,LTHP0289,Van Maanen Verkoop BV,406.1678563797056
BU03830011,HTHP0025,Nuon Power Generation BV Velsen,8385.178210549448
BU03562200,HTHP0023,Eneco HWC Nicolaas Beetsstraat,7475.55210317054
BU17830403,HTHP0103,WSW Capturam Geothermie,3982.651292032415
BU03450001,HTHP0102,Boxal Netherlands BV,1210.179776826247
BU17830101,HTHP0103,WSW Capturam Geothermie,847.899610230911
BU03440733,HTHP0093,Eneco Lage Weide,5731.509943527447
BU03620603,LTHP0154,ABN AMRO Datacenter,934.2804723505367
BU05560302,HTHP0005,AVR Rozenburg,2972.6528517850857
BU03440812,HTHP0093,Eneco Lage Weide,4442.368267498411
BU18420103,HTHP0103,WSW Capturam Geothermie,5089.490207036359
BU17830401,HTHP0103,WSW Capturam Geothermie,4402.507195632927
BU03750702,HTHP0025,Nuon Power Generation BV Velsen,3202.4716908108358
BU19300302,HTHP0057,ExxonMobil Chemical Holland BV RAP,2736.662491260131
BU19040801,HTHP0097,Nuon Power Generation BV Diemen,6473.827664352726
BU03960500,HTHP0025,Nuon Power Generation BV Velsen,5340.734503997348
BU07151001,HTHP0059,Trinseo Netherlands,2934.41294876771
BU03130001,LTHP0266,De Banketgroep BV,447.4877550547857
BU03440113,HTHP0093,Eneco Lage Weide,2153.64891606259
BU03450300,LTHP0131,Hoogvliet BV,477.70313865521405
BU06320105,LTHP0103,Netrex NL BV,587.2557368496357
BU05560403,HTHP0053,Abengoa Bioenergy,3928.829941769231
BU19630000,HTHP0047,Aluminium en Chemie Rotterdam BV,8328.710844169384
BU03400001,HTHP0102,Boxal Netherlands BV,8326.945764292952
BU07180206,HTHP0060,Eastman Chemical Middelburg BV,6279.8715966742575
BU03070500,LTHP0250,First Master Food Manufactory BV,1161.850755491326
BU03100302,HTHP0093,Eneco Lage Weide,9013.870144424174
BU03750900,HTHP0025,Nuon Power Generation BV Velsen,2447.4171083925958
BU06130312,HTHP0057,ExxonMobil Chemical Holland BV RAP,7711.554125287431
BU17830607,HTHP0103,WSW Capturam Geothermie,5625.537875276794
BU05991593,HTHP0074,Esso Nederland BV Raffinaderij Rotterdam,8912.50893033723
BU03080400,LTHP0005,RWZI   Soest,3154.609773401181
BU03750300,HTHP0025,Nuon Power Generation BV Velsen,2154.30753423493
BU06220601,HTHP0005,AVR Rozenburg,5513.254952265644
BU07370109,HTHP0006,FrieslandCampina Leeuwarden,7244.13792920157
BU03440242,HTHP0093,Eneco Lage Weide,1797.5324967803824
BU06640104,LTHP0187,Zeelandnet  Kamperland,838.1929694404602
BU03562500,HTHP0093,Eneco Lage Weide,7844.198352922743
BU05051008,HTHP0002,HVC Afvalcentrale Dordrecht,4786.026827742693
